ID0000id,ssn,first_name,last_name,email,address,city,state,phone
ID000001,850-47-3740,Mark,Morgan,mmorgan0@g.co,5677 Coolidge Street,Plano,TX,4699041438
ID000002,256-95-4382,Eric,Warren,ewarren1@ed.gov,9062 Schurz Drive,Dallas,TX,2147018127
ID000003,256-51-5268,Robert,Harper,rharper2@angelfire.com,7786 Sachs Place,Plano,TX,2148755911
ID000004,976-95-2914,Donna,Franklin,dfranklin3@alexa.com,3 Magdeline Terrace,Plano,TX,2148006127
ID000005,906-63-3588,Linda,King,lking4@illinois.edu,41260 Kedzie Terrace,Dallas,TX,4692132549
ID000006,206-26-7141,Judy,Holmes,jholmes5@github.io,6583 Manitowish Hill,Dallas,TX,9728985909
ID000007,898-61-3567,Deborah,Lawrence,dlawrence6@chicagotribune.com,2 Hermina Trail,Dallas,TX,9729002951
ID000008,644-25-0492,Adam,Johnston,ajohnston7@is.gd,05671 Norway Maple Court,Dallas,TX,4697430176
ID000009,678-12-4697,Pamela,Carr,pcarr8@stumbleupon.com,1848 Fordem Avenue,Richardson,TX,9722479852
ID000010,562-33-7951,Daniel,Fisher,dfisher9@liveinternet.ru,400 Cody Lane,Plano,TX,2148917743
ID000011,441-90-7753,Stephen,Fields,sfieldsa@sphinn.com,99 Fair Oaks Drive,Plano,TX,2148013069
ID000012,305-53-3736,Walter,Ferguson,wfergusonb@jalbum.net,814 Sutteridge Point,Dallas,TX,4699458172
ID000013,634-61-6311,Paul,Cook,pcookc@blogtalkradio.com,58295 Pierstorff Pass,Richardson,TX,4699320168
ID000014,661-24-6360,Roy,Smith,rsmithd@csmonitor.com,563 Fairview Park,Dallas,TX,2149114724
ID000015,350-83-8412,Michelle,Gardner,mgardnere@wordpress.org,28309 Paget Court,Plano,TX,4699742681
ID000016,439-75-5475,George,Powell,gpowellf@scribd.com,31 Clove Crossing,Dallas,TX,9728857291
ID000017,431-61-5822,Nicholas,Hudson,nhudsong@uol.com.br,29 Esker Trail,Dallas,TX,4696984000
ID000018,879-82-7179,Linda,Henderson,lhendersonh@mayoclinic.com,117 Katie Center,Dallas,TX,4699970832
ID000019,484-96-1826,Gregory,Fowler,gfowleri@foxnews.com,42454 Hermina Plaza,Dallas,TX,2149368301
ID000020,562-52-7080,Carol,Sanders,csandersj@usda.gov,99600 Moland Way,Dallas,TX,2147621061
ID000021,876-61-5170,Mark,Hamilton,mhamiltonk@deliciousdays.com,76425 Dixon Hill,Dallas,TX,9728027903
ID000022,139-71-1123,Anthony,Brown,abrownl@rakuten.co.jp,8691 Walton Terrace,Dallas,TX,9729473376
ID000023,239-16-6210,James,Rivera,jriveram@comsenz.com,4 Golden Leaf Trail,Dallas,TX,2147618129
ID000024,283-06-7717,Tammy,Cole,tcolen@toplist.cz,22 Atwood Parkway,Dallas,TX,4692921882
ID000025,371-60-9878,Donald,Bowman,dbowmano@goo.gl,196 Golf View Terrace,Dallas,TX,2149566083
ID000026,438-78-7652,Susan,Gomez,sgomezp@economist.com,601 Warbler Point,Richardson,TX,9728771341
ID000027,893-37-1519,Juan,Martin,jmartinq@craigslist.org,846 Johnson Circle,Dallas,TX,2148285694
ID000028,434-92-5388,Samuel,Bailey,sbaileyr@indiegogo.com,1367 Northport Drive,Dallas,TX,9729722250
ID000029,444-50-9807,Paul,White,pwhites@fc2.com,24775 Melvin Place,Dallas,TX,4694594087
ID000030,557-41-0386,Gregory,Clark,gclarkt@bloglines.com,259 Porter Avenue,Dallas,TX,9729795771
ID000031,123-99-1439,Steven,Wood,swoodu@shareasale.com,852 Darwin Alley,Dallas,TX,2149842801
ID000032,507-26-2481,Jessica,Fuller,jfullerv@bloglovin.com,975 Carpenter Parkway,Dallas,TX,9729565055
ID000033,258-33-5117,Donna,Greene,dgreenew@fema.gov,86 Delladonna Lane,Dallas,TX,4699696535
ID000034,876-94-4518,Edward,Ford,efordx@dropbox.com,34 Fulton Circle,Dallas,TX,2148691555
ID000035,153-20-8011,Steve,Torres,storresy@theguardian.com,781 Loeprich Alley,Dallas,TX,4699647789
ID000036,881-79-3670,Alice,Rivera,ariveraz@nasa.gov,79 Dayton Center,Dallas,TX,2148413416
ID000037,878-61-5560,Jessica,Freeman,jfreeman10@devhub.com,27997 Loftsgordon Lane,Dallas,TX,2148354205
ID000038,728-84-4113,Kenneth,Harrison,kharrison11@sitemeter.com,25074 Holmberg Park,Richardson,TX,9727741504
ID000039,792-17-4540,Betty,Austin,baustin12@nature.com,4 Schmedeman Terrace,Dallas,TX,9729277561
ID000040,433-05-3698,Irene,Gonzalez,igonzalez13@boston.com,820 Oxford Crossing,Dallas,TX,2148655203
ID000041,132-21-3747,Charles,Foster,cfoster14@mtv.com,850 Summerview Crossing,Dallas,TX,4699106688
ID000042,457-93-9804,Gregory,Perez,gperez15@myspace.com,57 Bluejay Pass,Dallas,TX,9724338549
ID000043,906-16-1095,Jose,Stone,jstone16@nhs.uk,93 Waywood Parkway,Dallas,TX,9729918017
ID000044,882-36-6316,Patrick,Moore,pmoore17@baidu.com,78 Crest Line Road,Dallas,TX,2149502446
ID000045,728-96-3473,Louis,Lynch,llynch18@zimbio.com,12197 Kinsman Center,Dallas,TX,4698204208
ID000046,377-44-1238,Matthew,Snyder,msnyder19@google.com.au,169 Mayfield Park,Richardson,TX,4698555018
ID000047,582-62-7069,Sara,Wagner,swagner1a@addtoany.com,24827 Twin Pines Junction,Richardson,TX,4699145869
ID000048,577-82-2947,Louise,Long,llong1b@gov.uk,6 Haas Center,Dallas,TX,2149390517
ID000049,216-53-6968,Judy,Hamilton,jhamilton1c@domainmarket.com,65364 Mosinee Center,Dallas,TX,9728472849
ID000050,202-40-3427,Evelyn,Young,eyoung1d@java.com,4788 South Street,Dallas,TX,2148649776
ID000051,897-56-8517,James,Moore,jmoore1e@wix.com,9089 Lunder Parkway,Dallas,TX,4698304056
ID000052,923-84-7867,Clarence,Romero,cromero1f@tumblr.com,68501 Michigan Street,Plano,TX,9729821803
ID000053,539-63-0143,Jennifer,Smith,jsmith1g@opensource.org,3 Cordelia Terrace,Dallas,TX,4699635598
ID000054,636-25-1591,Jack,Baker,jbaker1h@sina.com.cn,01441 Eastlawn Place,Dallas,TX,9729091277
ID000055,622-93-5915,Amy,Nguyen,anguyen1i@usa.gov,79 Rigney Circle,Dallas,TX,2149052261
ID000056,823-00-8890,Maria,Stevens,mstevens1j@tiny.cc,5348 David Point,Plano,TX,9729925831
ID000057,534-07-7079,Teresa,Carpenter,tcarpenter1k@angelfire.com,6280 Spenser Lane,Dallas,TX,9729082593
ID000058,203-68-8563,Roy,Arnold,rarnold1l@samsung.com,7548 Dunning Junction,Richardson,TX,2149909053
ID000059,457-75-1314,Randy,Stewart,rstewart1m@telegraph.co.uk,5004 Emmet Park,Dallas,TX,4694222991
ID000060,524-73-0400,Brenda,Fernandez,bfernandez1n@upenn.edu,335 Forster Alley,Dallas,TX,2149206944
ID000061,344-66-8375,Janet,Thompson,jthompson1o@cbslocal.com,1 Chinook Place,Plano,TX,9729868081
ID000062,716-55-3314,Billy,Ortiz,bortiz1p@privacy.gov.au,4 Hintze Court,Dallas,TX,4698081346
ID000063,869-29-5873,Edward,Hawkins,ehawkins1q@wix.com,96231 Northland Plaza,Dallas,TX,9727983752
ID000064,218-81-6261,Mark,Morgan,mmorgan1r@ed.gov,5 Miller Lane,Dallas,TX,4697846546
ID000065,913-50-1956,Carolyn,Morgan,cmorgan1s@dedecms.com,975 Golf View Place,Dallas,TX,4696748726
ID000066,749-40-8693,Tina,Weaver,tweaver1t@zdnet.com,5414 Green Ridge Street,Dallas,TX,4698400879
ID000067,992-92-6136,Eric,Taylor,etaylor1u@mozilla.org,6 Fisk Pass,Dallas,TX,2147147652
ID000068,378-07-1662,Ruth,Henry,rhenry1v@behance.net,84 Hermina Street,Dallas,TX,9729342054
ID000069,388-44-9990,Phillip,Perkins,pperkins1w@ezinearticles.com,84771 Bartelt Trail,Dallas,TX,2149174226
ID000070,288-23-0361,Annie,Welch,awelch1x@ftc.gov,80 Stuart Road,Dallas,TX,9725161320
ID000071,509-44-1761,Lois,Hunter,lhunter1y@vimeo.com,49 Blaine Lane,Plano,TX,9728091141
ID000072,704-79-5907,Lisa,Cook,lcook1z@netscape.com,4412 Lakewood Gardens Plaza,Richardson,TX,9726539871
ID000073,948-30-8402,Kathleen,Harvey,kharvey20@foxnews.com,13 Grayhawk Hill,Dallas,TX,4695477753
ID000074,651-57-6305,Diane,Stevens,dstevens21@home.pl,0091 American Circle,Dallas,TX,4699421364
ID000075,908-63-2676,Samuel,Young,syoung22@pcworld.com,0157 Holmberg Street,Richardson,TX,4699185729
ID000076,727-25-3782,Mark,Riley,mriley23@theglobeandmail.com,4900 Thompson Court,Dallas,TX,9727672036
ID000077,775-32-5935,Bonnie,Ross,bross24@discovery.com,0 Walton Court,Richardson,TX,9727666908
ID000078,402-35-0549,Elizabeth,Arnold,earnold25@bloglovin.com,952 Sage Pass,Dallas,TX,2149672424
ID000079,270-86-6950,John,Walker,jwalker26@fastcompany.com,2 Packers Crossing,Dallas,TX,4697965094
ID000080,982-11-9636,William,Simmons,wsimmons27@webeden.co.uk,1232 Hayes Crossing,Dallas,TX,9729037706
ID000081,757-38-5276,Lisa,Kelley,lkelley28@storify.com,3718 Twin Pines Way,Dallas,TX,9729000487
ID000082,980-24-2372,Carl,Larson,clarson29@sohu.com,096 Goodland Parkway,Dallas,TX,4695502228
ID000083,444-73-4007,Brandon,Anderson,banderson2a@cargocollective.com,8 Leroy Circle,Dallas,TX,4699939270
ID000084,278-33-4174,Gloria,Myers,gmyers2b@wufoo.com,03 Elmside Center,Plano,TX,4698533967
ID000085,772-25-9640,Daniel,Freeman,dfreeman2c@dell.com,9584 Elka Place,Dallas,TX,9727699270
ID000086,232-98-4647,Judith,Mitchell,jmitchell2d@vimeo.com,2506 Merchant Terrace,Dallas,TX,9729029669
ID000087,937-38-5159,Alan,King,aking2e@meetup.com,958 Burrows Street,Dallas,TX,2145835636
ID000088,327-80-3166,Steve,Phillips,sphillips2f@reverbnation.com,45557 Jana Court,Dallas,TX,9729379620
ID000089,405-92-7423,Brenda,Butler,bbutler2g@google.com.br,5 Calypso Avenue,Dallas,TX,9728926177
ID000090,133-37-8900,Patricia,Spencer,pspencer2h@psu.edu,65143 Union Lane,Dallas,TX,2149099264
ID000091,227-64-6193,Larry,Olson,lolson2i@cargocollective.com,50299 Lien Parkway,Dallas,TX,9729657073
ID000092,272-41-6460,Victor,Sullivan,vsullivan2j@yahoo.com,272 Milwaukee Point,Plano,TX,9727594852
ID000093,318-95-0284,Kathryn,Taylor,ktaylor2k@weather.com,2952 Thackeray Point,Dallas,TX,2148620958
ID000094,729-22-8562,Rachel,Little,rlittle2l@histats.com,755 Kropf Pass,Dallas,TX,9727977226
ID000095,783-54-9793,Donald,Richardson,drichardson2m@sun.com,951 Chive Avenue,Dallas,TX,9729346450
ID000096,131-52-5777,Stephen,Chapman,schapman2n@techcrunch.com,0 Lunder Alley,Dallas,TX,2149871376
ID000097,335-18-5473,Harold,Richardson,hrichardson2o@t-online.de,76743 Burrows Court,Dallas,TX,4698991924
ID000098,933-15-2171,Ernest,Palmer,epalmer2p@360.cn,6 Upham Drive,Dallas,TX,9729422638
ID000099,595-38-3883,Pamela,Matthews,pmatthews2q@ustream.tv,2 Green Lane,Dallas,TX,2149440666
ID000100,808-44-7643,Jason,Campbell,jcampbell2r@mozilla.com,6 Raven Court,Dallas,TX,9728114885
ID000101,924-16-0243,Joyce,Fuller,jfuller2s@theguardian.com,45900 Iowa Way,Dallas,TX,4699063524
ID000102,348-53-9608,Andrea,Bailey,abailey2t@squidoo.com,33 Cardinal Alley,Richardson,TX,9728465566
ID000103,379-16-0722,Denise,Perry,dperry2u@google.es,68 Old Shore Lane,Dallas,TX,2149913418
ID000104,997-92-4787,Michael,Jacobs,mjacobs2v@themeforest.net,0 Brentwood Place,Richardson,TX,4699249727
ID000105,664-95-5489,Catherine,Reid,creid2w@ezinearticles.com,41544 Anniversary Crossing,Plano,TX,2149488236
ID000106,424-12-2851,Aaron,Romero,aromero2x@cam.ac.uk,844 Union Way,Dallas,TX,9725355154
ID000107,295-19-3279,John,Warren,jwarren2y@sciencedirect.com,9127 Farragut Center,Dallas,TX,4699235725
ID000108,806-92-2733,Steve,Garrett,sgarrett2z@google.nl,729 Kenwood Court,Richardson,TX,2147031311
ID000109,466-92-6624,Jimmy,Ellis,jellis30@deliciousdays.com,8 Nevada Place,Dallas,TX,9727428738
ID000110,454-64-8101,Jose,Perez,jperez31@webmd.com,4463 Commercial Circle,Richardson,TX,4698523133
ID000111,909-18-6864,Katherine,Dean,kdean32@nature.com,4978 Cordelia Way,Dallas,TX,9728867232
ID000112,203-54-9198,Ashley,Jackson,ajackson33@whitehouse.gov,676 David Road,Dallas,TX,4699760450
ID000113,177-45-8737,Kathryn,Hart,khart34@imdb.com,29 Dexter Circle,Dallas,TX,9729003590
ID000114,279-96-6074,Dennis,Ruiz,druiz35@nymag.com,18784 Browning Circle,Dallas,TX,9729741505
ID000115,561-91-3511,Sharon,Cox,scox36@upenn.edu,4 Hoffman Street,Dallas,TX,2149150820
ID000116,325-12-4236,Ruby,Burke,rburke37@nytimes.com,5 Swallow Avenue,Dallas,TX,9729288965
ID000117,537-25-0563,Jerry,Stewart,jstewart38@aboutads.info,54494 Kenwood Trail,Dallas,TX,4698175662
ID000118,508-36-5238,Howard,Fisher,hfisher39@wisc.edu,2 Reinke Lane,Plano,TX,9723256683
ID000119,663-89-7131,Eric,Phillips,ephillips3a@telegraph.co.uk,578 Westend Pass,Dallas,TX,9728930831
ID000120,582-89-0521,Albert,Cruz,acruz3b@google.co.uk,04 Shopko Way,Dallas,TX,9724714420
ID000121,112-24-4907,Timothy,Harrison,tharrison3c@posterous.com,04099 Anhalt Place,Dallas,TX,2148497879
ID000122,593-24-8597,Ronald,Phillips,rphillips3d@ox.ac.uk,4632 Brentwood Hill,Dallas,TX,4699454638
ID000123,152-06-9743,Antonio,Bishop,abishop3e@google.com,212 Memorial Lane,Richardson,TX,4698358047
ID000124,917-73-0651,Howard,Green,hgreen3f@dyndns.org,9 Florence Trail,Dallas,TX,2148758195
ID000125,550-66-4068,Willie,Murphy,wmurphy3g@technorati.com,09 Loeprich Parkway,Richardson,TX,2149545495
ID000126,151-32-0622,Christine,Washington,cwashington3h@goo.gl,95086 Eliot Alley,Dallas,TX,4698445383
ID000127,363-52-9311,Angela,Ellis,aellis3i@irs.gov,61 Chinook Avenue,Dallas,TX,4699127557
ID000128,498-97-9543,Kathy,Wagner,kwagner3j@alibaba.com,1 Columbus Crossing,Plano,TX,2149582980
ID000129,109-59-3700,Antonio,Carr,acarr3k@livejournal.com,6996 Arizona Avenue,Dallas,TX,4697240803
ID000130,919-11-7074,Samuel,Ellis,sellis3l@domainmarket.com,69968 Meadow Ridge Alley,Dallas,TX,4699578249
ID000131,532-19-3189,Bruce,Williamson,bwilliamson3m@fc2.com,51 Maywood Place,Richardson,TX,2149696651
ID000132,186-61-2257,Ruby,Mcdonald,rmcdonald3n@qq.com,031 Ohio Lane,Dallas,TX,2149705621
ID000133,758-82-0981,Jack,Larson,jlarson3o@sourceforge.net,43086 Dexter Way,Dallas,TX,4699136292
ID000134,789-85-0156,Tammy,Hunter,thunter3p@google.ru,08 Marquette Pass,Dallas,TX,2149190495
ID000135,144-61-2857,Mildred,Richards,mrichards3q@t-online.de,6863 Warbler Crossing,Dallas,TX,4696367310
ID000136,812-34-4775,Janet,Dixon,jdixon3r@pbs.org,1 Ridgeway Terrace,Dallas,TX,9723819665
ID000137,605-13-5959,Antonio,Hamilton,ahamilton3s@bloglovin.com,2545 Lerdahl Center,Dallas,TX,2148866681
ID000138,873-83-1740,Louise,Jordan,ljordan3t@moonfruit.com,7326 Reindahl Point,Dallas,TX,9725189421
ID000139,992-25-4077,Linda,Hunt,lhunt3u@army.mil,710 Lighthouse Bay Point,Dallas,TX,9727547045
ID000140,222-46-0064,Joan,Webb,jwebb3v@amazon.com,90 Bashford Avenue,Dallas,TX,4699550632
ID000141,135-71-1523,Kevin,Frazier,kfrazier3w@g.co,47 Bluejay Hill,Dallas,TX,9729653683
ID000142,490-88-8407,Todd,Schmidt,tschmidt3x@adobe.com,4 Lakeland Pass,Dallas,TX,2149036828
ID000143,797-95-4607,Andrea,Sims,asims3y@paypal.com,898 Killdeer Pass,Dallas,TX,4699880761
ID000144,959-24-3477,Barbara,Brooks,bbrooks3z@tinypic.com,305 Mendota Plaza,Dallas,TX,4699588251
ID000145,600-79-0040,Kenneth,Anderson,kanderson40@smh.com.au,246 Shopko Drive,Richardson,TX,9729985406
ID000146,704-59-6830,Jessica,Knight,jknight41@admin.ch,36 Forest Park,Richardson,TX,4699610488
ID000147,542-87-9344,Dorothy,Adams,dadams42@reverbnation.com,2483 Melody Plaza,Richardson,TX,9728818472
ID000148,634-80-8812,Phillip,Adams,padams43@miibeian.gov.cn,4 Derek Point,Dallas,TX,9729180335
ID000149,599-72-6050,James,Carpenter,jcarpenter44@cyberchimps.com,6668 Ilene Court,Dallas,TX,2148208276
ID000150,751-57-0699,Amy,Lopez,alopez45@themeforest.net,715 Westend Avenue,Dallas,TX,4698301019
ID000151,570-71-9526,Frank,Gomez,fgomez46@unicef.org,61280 Mallory Parkway,Plano,TX,2149622973
ID000152,585-65-8864,Debra,Rogers,drogers47@weibo.com,4 Southridge Place,Richardson,TX,4697537894
ID000153,784-42-3645,Aaron,Chapman,achapman48@oakley.com,840 Messerschmidt Plaza,Dallas,TX,9727533651
ID000154,327-00-2811,Jerry,Cruz,jcruz49@utexas.edu,48314 Muir Crossing,Dallas,TX,2149738302
ID000155,209-64-5805,Gerald,Mccoy,gmccoy4a@archive.org,71113 Corry Circle,Plano,TX,4697583820
ID000156,352-52-5321,Matthew,Ward,mward4b@eepurl.com,3726 Oneill Terrace,Plano,TX,9726682488
ID000157,312-33-6562,Marilyn,Andrews,mandrews4c@last.fm,61664 Warrior Street,Dallas,TX,9728314215
ID000158,585-35-8539,Lawrence,Coleman,lcoleman4d@techcrunch.com,0 Scoville Plaza,Plano,TX,4699873187
ID000159,766-72-6736,Sarah,Burton,sburton4e@cnbc.com,65230 Prairie Rose Point,Plano,TX,9727360106
ID000160,519-22-1664,Gerald,White,gwhite4f@ocn.ne.jp,82 Delaware Plaza,Plano,TX,2147745757
ID000161,811-23-2706,Shawn,Robertson,srobertson4g@lulu.com,9 Troy Alley,Dallas,TX,2149439366
ID000162,983-17-1073,Samuel,Arnold,sarnold4h@google.com.br,1748 Monterey Road,Dallas,TX,4697415231
ID000163,153-09-5087,Ruby,Mcdonald,rmcdonald4i@sohu.com,00621 Killdeer Crossing,Dallas,TX,4699415043
ID000164,208-16-2580,Lillian,Kim,lkim4j@npr.org,47585 Nova Drive,Dallas,TX,2147402312
ID000165,604-54-4201,Pamela,Bradley,pbradley4k@disqus.com,2 Lakewood Gardens Place,Richardson,TX,4698713326
ID000166,764-51-2571,Ralph,Chavez,rchavez4l@eventbrite.com,15739 Vera Plaza,Dallas,TX,2145985319
ID000167,102-72-1991,Martin,Richards,mrichards4m@mysql.com,8 New Castle Trail,Dallas,TX,4699760263
ID000168,743-82-1324,Chris,Simmons,csimmons4n@canalblog.com,46833 Farmco Junction,Dallas,TX,4698100333
ID000169,915-27-6165,Martin,Stevens,mstevens4o@berkeley.edu,573 Oneill Hill,Dallas,TX,4695702393
ID000170,615-68-8488,Lisa,West,lwest4p@globo.com,55586 Ronald Regan Lane,Dallas,TX,9729984345
ID000171,538-66-1965,Daniel,Marshall,dmarshall4q@de.vu,3 Manitowish Crossing,Dallas,TX,4697304725
ID000172,981-95-3778,John,Hicks,jhicks4r@spotify.com,81 Northfield Place,Richardson,TX,9727271591
ID000173,802-73-6786,Roger,Harrison,rharrison4s@rakuten.co.jp,9 Meadow Vale Drive,Dallas,TX,4699415954
ID000174,777-08-7277,Teresa,Thompson,tthompson4t@networkadvertising.org,06364 Gerald Street,Dallas,TX,9726701547
ID000175,445-90-2407,Arthur,Freeman,afreeman4u@trellian.com,51652 Russell Street,Dallas,TX,4699944509
ID000176,909-02-3006,Howard,Simpson,hsimpson4v@yellowpages.com,95 Redwing Lane,Dallas,TX,9729100392
ID000177,790-10-1835,Christopher,Spencer,cspencer4w@uol.com.br,6 Northfield Crossing,Dallas,TX,2148219650
ID000178,847-64-1856,Theresa,Wood,twood4x@jigsy.com,0420 Westport Circle,Dallas,TX,4699941901
ID000179,930-97-8594,Lillian,Wright,lwright4y@ebay.com,82972 Raven Road,Dallas,TX,9729605502
ID000180,823-59-4050,Sara,Rogers,srogers4z@google.fr,7 Twin Pines Circle,Dallas,TX,2149845323
ID000181,831-37-2302,Linda,Richards,lrichards50@pagesperso-orange.fr,046 Harper Center,Dallas,TX,2149982489
ID000182,139-70-8042,Albert,Cunningham,acunningham51@shutterfly.com,414 Summer Ridge Trail,Richardson,TX,9727163924
ID000183,611-16-9228,Debra,Holmes,dholmes52@chron.com,22 Bluejay Road,Plano,TX,9729548773
ID000184,248-33-5177,Jason,Davis,jdavis53@qq.com,82931 Cardinal Junction,Dallas,TX,2149699787
ID000185,399-38-8513,Justin,Fowler,jfowler54@privacy.gov.au,1958 Leroy Way,Dallas,TX,9729152410
ID000186,515-58-4650,Catherine,Harris,charris55@so-net.ne.jp,4091 Doe Crossing Alley,Plano,TX,4699687984
ID000187,911-94-6409,Gary,Reyes,greyes56@wufoo.com,06 Shelley Parkway,Dallas,TX,9729852014
ID000188,952-37-2293,Clarence,Harvey,charvey57@vinaora.com,637 Blackbird Crossing,Dallas,TX,9727358046
ID000189,866-26-3470,Kathleen,Lynch,klynch58@tripod.com,0 Northview Center,Dallas,TX,4698589821
ID000190,696-87-1283,Angela,Myers,amyers59@unblog.fr,07 Jenifer Point,Plano,TX,2149963258
ID000191,525-30-0056,Paula,Roberts,proberts5a@about.me,2025 Annamark Court,Richardson,TX,2149191512
ID000192,455-25-1300,Marie,Hudson,mhudson5b@go.com,35523 Fulton Point,Richardson,TX,9729550047
ID000193,300-83-3012,Victor,George,vgeorge5c@paypal.com,16 Butterfield Place,Plano,TX,4699820024
ID000194,568-53-7223,Judith,Lane,jlane5d@miibeian.gov.cn,59463 Havey Center,Dallas,TX,4699621701
ID000195,219-13-1583,Steven,Carpenter,scarpenter5e@china.com.cn,64 Rutledge Court,Richardson,TX,9727592760
ID000196,628-41-9882,Beverly,Welch,bwelch5f@pinterest.com,0 7th Point,Richardson,TX,2147582027
ID000197,553-83-0248,Chris,Cox,ccox5g@wix.com,386 Coleman Avenue,Richardson,TX,2149021149
ID000198,664-42-3811,Heather,Duncan,hduncan5h@constantcontact.com,3 Acker Avenue,Richardson,TX,9729062444
ID000199,932-05-2280,Helen,Cooper,hcooper5i@intel.com,90887 Ohio Trail,Dallas,TX,2147239307
ID000200,359-15-6568,Linda,Dixon,ldixon5j@simplemachines.org,0506 Boyd Plaza,Richardson,TX,2149400096
ID000201,377-03-6374,Eric,Wood,ewood5k@cnbc.com,730 Bonner Hill,Dallas,TX,9729597132
ID000202,956-77-5994,Brenda,Brooks,bbrooks5l@kickstarter.com,4 Pennsylvania Hill,Dallas,TX,9729605440
ID000203,262-72-9956,Fred,Crawford,fcrawford5m@fastcompany.com,00 Mariners Cove Terrace,Dallas,TX,9729781543
ID000204,935-26-1044,Alan,Morris,amorris5n@businesswire.com,2238 Debra Center,Dallas,TX,4697013591
ID000205,575-57-3479,Jimmy,Watkins,jwatkins5o@msn.com,91873 Colorado Crossing,Dallas,TX,4699333579
ID000206,534-35-2839,Keith,Fisher,kfisher5p@ehow.com,2 Muir Crossing,Richardson,TX,9729991883
ID000207,487-48-3434,Rose,Oliver,roliver5q@reference.com,3152 Thackeray Point,Dallas,TX,2149719384
ID000208,282-19-5051,Johnny,Vasquez,jvasquez5r@diigo.com,809 Grover Circle,Dallas,TX,9728435554
ID000209,198-52-6239,Judith,Dunn,jdunn5s@huffingtonpost.com,337 Northview Point,Dallas,TX,9729991156
ID000210,165-45-3343,Roger,Freeman,rfreeman5t@opensource.org,13 Farmco Way,Dallas,TX,4698549842
ID000211,983-87-0005,Richard,Bailey,rbailey5u@fc2.com,3108 Browning Park,Richardson,TX,2147180392
ID000212,387-20-1613,Ernest,Palmer,epalmer5v@japanpost.jp,66600 Pleasure Drive,Dallas,TX,2142381120
ID000213,440-22-0860,Janice,Long,jlong5w@xrea.com,26577 Laurel Road,Dallas,TX,2149720889
ID000214,589-60-2564,Thomas,Schmidt,tschmidt5x@ucoz.ru,0 New Castle Crossing,Plano,TX,4697459014
ID000215,564-07-7138,Kathryn,Hayes,khayes5y@usa.gov,18504 Basil Hill,Dallas,TX,4698317793
ID000216,106-58-8800,Chris,Perkins,cperkins5z@nasa.gov,14865 John Wall Center,Plano,TX,9729573368
ID000217,664-12-8122,Thomas,Scott,tscott60@cpanel.net,449 Schurz Parkway,Dallas,TX,4699145396
ID000218,394-69-4479,Judy,Richards,jrichards61@narod.ru,9420 Main Hill,Dallas,TX,4698718324
ID000219,977-89-1063,Janice,Garrett,jgarrett62@naver.com,2998 Chive Place,Dallas,TX,2148096943
ID000220,720-12-0662,Raymond,Peterson,rpeterson63@friendfeed.com,892 Fairfield Point,Richardson,TX,4699475199
ID000221,344-03-8015,Marilyn,Williams,mwilliams64@blinklist.com,0 John Wall Circle,Dallas,TX,2149928183
ID000222,166-80-9145,Teresa,Reid,treid65@baidu.com,9224 Manufacturers Terrace,Dallas,TX,9724576436
ID000223,628-54-4529,Irene,Medina,imedina66@hhs.gov,51 Southridge Pass,Dallas,TX,9729943852
ID000224,763-92-5219,Linda,Carpenter,lcarpenter67@flavors.me,43 Dovetail Road,Dallas,TX,9728668440
ID000225,468-30-6717,Jonathan,Harrison,jharrison68@hp.com,113 Havey Crossing,Plano,TX,4699002769
ID000226,716-63-5871,Laura,Graham,lgraham69@rakuten.co.jp,72346 Emmet Place,Dallas,TX,4698924249
ID000227,462-64-8746,Sharon,Pierce,spierce6a@dmoz.org,9 Clove Trail,Dallas,TX,9729305410
ID000228,890-27-4530,Katherine,Boyd,kboyd6b@cafepress.com,90 Park Meadow Junction,Dallas,TX,2146525153
ID000229,875-97-7822,Brian,Perkins,bperkins6c@adobe.com,5988 Havey Street,Dallas,TX,9729732502
ID000230,867-84-8327,Eric,Cooper,ecooper6d@studiopress.com,7 Granby Road,Dallas,TX,9729702642
ID000231,907-94-1254,Randy,Stanley,rstanley6e@cbsnews.com,94552 Linden Court,Dallas,TX,9728158835
ID000232,319-59-2633,Pamela,Gutierrez,pgutierrez6f@cdbaby.com,50236 Goodland Lane,Plano,TX,9729682569
ID000233,145-92-8000,Keith,Perkins,kperkins6g@mayoclinic.com,9543 Farragut Road,Richardson,TX,2148040599
ID000234,361-70-3782,Scott,Spencer,sspencer6h@edublogs.org,5 Lukken Junction,Dallas,TX,2147014621
ID000235,992-96-4866,Todd,Bryant,tbryant6i@lycos.com,418 Onsgard Hill,Dallas,TX,2149807359
ID000236,916-54-8159,Jose,Anderson,janderson6j@comsenz.com,2705 Ohio Junction,Dallas,TX,2145302752
ID000237,133-83-4824,Amanda,Davis,adavis6k@studiopress.com,1636 Norway Maple Place,Plano,TX,4699135733
ID000238,712-12-8661,Richard,Cruz,rcruz6l@sina.com.cn,69 Marquette Park,Richardson,TX,4699027741
ID000239,325-77-2883,Sara,Walker,swalker6m@bloomberg.com,18924 3rd Circle,Dallas,TX,9729327544
ID000240,974-70-9717,Gloria,Sanders,gsanders6n@blog.com,36961 Green Ridge Place,Dallas,TX,2149373306
ID000241,584-04-3187,Jonathan,Harris,jharris6o@freewebs.com,286 Merry Way,Dallas,TX,4698734473
ID000242,152-31-3951,Juan,Fields,jfields6p@nationalgeographic.com,291 Marquette Parkway,Richardson,TX,9729167303
ID000243,950-88-3244,Wanda,Mills,wmills6q@twitter.com,79024 Surrey Way,Dallas,TX,4699206298
ID000244,315-12-0643,Karen,Davis,kdavis6r@discuz.net,83 Holy Cross Drive,Dallas,TX,9728905755
ID000245,328-21-2988,Scott,Montgomery,smontgomery6s@squarespace.com,96247 Oriole Circle,Dallas,TX,9729295312
ID000246,752-03-8294,Michael,Stevens,mstevens6t@reuters.com,356 Shoshone Drive,Dallas,TX,4698035017
ID000247,223-10-5941,Andrea,Baker,abaker6u@ning.com,90 Heath Drive,Dallas,TX,4699301109
ID000248,383-36-2902,Marilyn,Alexander,malexander6v@goo.gl,443 Dottie Circle,Dallas,TX,9724062617
ID000249,556-96-7003,Harry,Alvarez,halvarez6w@blogspot.com,636 Express Way,Dallas,TX,2149545716
ID000250,760-25-1865,Rose,Peterson,rpeterson6x@unesco.org,034 Shelley Drive,Dallas,TX,9728614171
ID000251,196-06-0978,Barbara,Garcia,bgarcia6y@chicagotribune.com,5690 Acker Road,Dallas,TX,4695178843
ID000252,140-56-2974,Ann,Berry,aberry6z@wix.com,37940 Morning Hill,Dallas,TX,9729187984
ID000253,493-92-4232,Paul,Turner,pturner70@eventbrite.com,75287 Pleasure Place,Dallas,TX,9727826768
ID000254,353-18-9662,Theresa,Day,tday71@skyrock.com,9 American Ash Crossing,Dallas,TX,9729094722
ID000255,926-42-8995,Andrew,Gilbert,agilbert72@npr.org,8 American Parkway,Dallas,TX,9728342804
ID000256,741-11-7814,Alice,Turner,aturner73@seesaa.net,4 Namekagon Lane,Dallas,TX,2146606741
ID000257,700-23-8477,Julie,Smith,jsmith74@nydailynews.com,61345 Namekagon Place,Dallas,TX,4698612346
ID000258,390-30-8158,Alice,Carr,acarr75@devhub.com,7564 Ohio Plaza,Dallas,TX,2145491687
ID000259,941-05-7192,Harry,Baker,hbaker76@hostgator.com,7 Straubel Center,Plano,TX,4695905412
ID000260,949-37-6371,Donna,Cooper,dcooper77@scientificamerican.com,1629 Summer Ridge Plaza,Dallas,TX,4699573027
ID000261,947-04-7262,Laura,Rogers,lrogers78@google.co.jp,7776 Summer Ridge Court,Dallas,TX,9727307675
ID000262,443-61-5562,Jessica,Hicks,jhicks79@chron.com,17138 Ryan Circle,Dallas,TX,4698156162
ID000263,428-09-7397,George,Turner,gturner7a@opera.com,4 Quincy Pass,Richardson,TX,2149582175
ID000264,354-53-8826,Joan,Watkins,jwatkins7b@phoca.cz,9601 Lerdahl Pass,Plano,TX,2148149170
ID000265,757-21-3141,Andrea,Gonzalez,agonzalez7c@jiathis.com,127 Russell Hill,Dallas,TX,9728095959
ID000266,924-17-9942,Billy,Little,blittle7d@spiegel.de,46 Autumn Leaf Junction,Dallas,TX,9729866001
ID000267,778-68-6617,Teresa,Marshall,tmarshall7e@opensource.org,2 Sheridan Trail,Dallas,TX,4698842394
ID000268,431-20-0144,Benjamin,Lynch,blynch7f@newyorker.com,53 Tennyson Park,Dallas,TX,4698779851
ID000269,851-35-0300,Nancy,Dixon,ndixon7g@instagram.com,4 Dwight Street,Dallas,TX,9727703641
ID000270,583-40-6101,Jean,Dunn,jdunn7h@stanford.edu,4 North Street,Dallas,TX,4699956149
ID000271,125-98-5061,Anthony,Gardner,agardner7i@bizjournals.com,9823 Donald Terrace,Dallas,TX,9724323180
ID000272,750-84-1386,Benjamin,Morrison,bmorrison7j@parallels.com,21 Oriole Terrace,Dallas,TX,2144096322
ID000273,319-09-3742,Anne,Dixon,adixon7k@free.fr,9579 Browning Crossing,Dallas,TX,9729076080
ID000274,585-90-0674,Denise,Wallace,dwallace7l@ovh.net,6021 Portage Park,Dallas,TX,9729404355
ID000275,416-38-3510,Linda,Owens,lowens7m@marketwatch.com,13 Monterey Alley,Richardson,TX,2148363577
ID000276,614-68-5656,Larry,Warren,lwarren7n@princeton.edu,2657 Mitchell Hill,Plano,TX,9729387212
ID000277,984-48-8111,Edward,Hunt,ehunt7o@wufoo.com,6 Claremont Avenue,Dallas,TX,9727631900
ID000278,446-20-4077,Harry,Mcdonald,hmcdonald7p@webnode.com,22283 Farragut Place,Plano,TX,2148733156
ID000279,154-67-1759,Lawrence,Wells,lwells7q@slate.com,841 Delaware Place,Dallas,TX,2149767034
ID000280,218-70-1729,Martin,Fuller,mfuller7r@altervista.org,53309 Buhler Place,Dallas,TX,4696673361
ID000281,685-99-2971,Roger,Ellis,rellis7s@mashable.com,74213 Charing Cross Circle,Dallas,TX,9729767863
ID000282,551-99-0871,Patrick,Moreno,pmoreno7t@youtube.com,490 Rockefeller Lane,Dallas,TX,9729555269
ID000283,156-64-6797,Andrew,Cole,acole7u@ning.com,30 Sunfield Pass,Plano,TX,2148797342
ID000284,704-85-7803,Joan,Hudson,jhudson7v@scribd.com,4 Everett Court,Dallas,TX,2149541417
ID000285,491-79-6292,Chris,Powell,cpowell7w@cloudflare.com,4 Jenifer Circle,Dallas,TX,4697267925
ID000286,164-90-8064,Anna,Perez,aperez7x@tiny.cc,1241 Graceland Court,Dallas,TX,4699962325
ID000287,857-94-0950,Debra,Gray,dgray7y@ucla.edu,251 Monterey Hill,Dallas,TX,4699734499
ID000288,581-46-2753,Annie,Shaw,ashaw7z@de.vu,561 Cody Crossing,Plano,TX,2147641587
ID000289,300-46-8310,Shawn,Martinez,smartinez80@flickr.com,19 Lunder Park,Dallas,TX,4699864161
ID000290,691-97-1438,Mary,Graham,mgraham81@shutterfly.com,701 Cordelia Court,Dallas,TX,2146870840
ID000291,239-90-4011,Janet,West,jwest82@wikimedia.org,2308 Division Center,Dallas,TX,2149780541
ID000292,702-60-4201,Aaron,Arnold,aarnold83@instagram.com,5886 Banding Trail,Dallas,TX,2149555863
ID000293,253-17-0796,Justin,Brown,jbrown84@vistaprint.com,611 Green Plaza,Plano,TX,2149016023
ID000294,547-06-9057,George,Torres,gtorres85@dropbox.com,64206 Calypso Hill,Dallas,TX,9729254199
ID000295,722-28-9325,Brian,Romero,bromero86@bing.com,4418 Green Ridge Terrace,Dallas,TX,4698259159
ID000296,488-01-1020,Lawrence,Morris,lmorris87@ucoz.ru,42 Magdeline Pass,Dallas,TX,2149422979
ID000297,947-93-9771,Patrick,Garcia,pgarcia88@cornell.edu,1 Nevada Parkway,Dallas,TX,4698276118
ID000298,708-32-6866,Ashley,Moreno,amoreno89@sakura.ne.jp,067 Morning Park,Dallas,TX,4698696226
ID000299,421-79-0842,Aaron,Ellis,aellis8a@xing.com,1925 Grasskamp Alley,Dallas,TX,4699379272
ID000300,554-28-3296,Jimmy,James,jjames8b@shutterfly.com,3 Knutson Way,Dallas,TX,9729308175
ID000301,271-28-4504,Maria,Torres,mtorres8c@live.com,56168 Arizona Drive,Dallas,TX,2149318328
ID000302,453-78-4845,Chris,Owens,cowens8d@un.org,6 Browning Park,Dallas,TX,9727014889
ID000303,556-27-9759,Elizabeth,Harvey,eharvey8e@goo.ne.jp,1995 Nelson Park,Dallas,TX,9729929375
ID000304,212-61-9406,Jane,Baker,jbaker8f@hatena.ne.jp,0062 Sunbrook Junction,Dallas,TX,4697546653
ID000305,142-06-8429,Lisa,Kelley,lkelley8g@cdbaby.com,272 Larry Drive,Dallas,TX,4699306637
ID000306,205-62-6313,Jonathan,Diaz,jdiaz8h@foxnews.com,18283 Brown Center,Dallas,TX,4699402479
ID000307,592-93-9926,Mildred,Allen,mallen8i@merriam-webster.com,5734 La Follette Point,Dallas,TX,4699462268
ID000308,714-97-1208,Linda,Rogers,lrogers8j@vimeo.com,0590 Northport Drive,Dallas,TX,9729471564
ID000309,949-18-1878,Gary,Garrett,ggarrett8k@wufoo.com,5285 2nd Court,Dallas,TX,4699392476
ID000310,454-36-5067,Earl,Hall,ehall8l@ifeng.com,7755 Park Meadow Way,Dallas,TX,2148820672
ID000311,586-20-4125,Benjamin,Bailey,bbailey8m@sina.com.cn,72101 Elmside Parkway,Dallas,TX,2148963364
ID000312,853-10-4620,Angela,Graham,agraham8n@pinterest.com,5 High Crossing Crossing,Richardson,TX,9728781468
ID000313,132-68-7899,Dennis,Hunter,dhunter8o@marriott.com,7 2nd Place,Plano,TX,4699678745
ID000314,618-21-2736,Matthew,Stevens,mstevens8p@liveinternet.ru,9603 Hansons Way,Dallas,TX,4698613808
ID000315,852-75-0048,Annie,Freeman,afreeman8q@dot.gov,7466 Gulseth Alley,Dallas,TX,9729210146
ID000316,652-37-4979,Richard,Lawson,rlawson8r@opera.com,792 Dottie Circle,Dallas,TX,2145459387
ID000317,953-35-3551,Susan,Allen,sallen8s@github.io,6 Morrow Alley,Dallas,TX,2147480451
ID000318,269-55-4900,Rose,Coleman,rcoleman8t@theglobeandmail.com,26094 Loomis Alley,Dallas,TX,4698192212
ID000319,398-57-5624,Kathy,Elliott,kelliott8u@privacy.gov.au,28 Boyd Pass,Dallas,TX,4699960439
ID000320,769-13-6801,Teresa,Brooks,tbrooks8v@ask.com,57699 Oak Circle,Richardson,TX,9727314160
ID000321,781-65-2211,Julie,Lane,jlane8w@so-net.ne.jp,8261 Magdeline Road,Dallas,TX,2149308339
ID000322,880-14-5596,Jessica,Day,jday8x@eventbrite.com,80 Cascade Junction,Dallas,TX,2149471788
ID000323,472-47-3959,Billy,Cruz,bcruz8y@narod.ru,75 Mosinee Court,Dallas,TX,2147975929
ID000324,628-10-4874,Martha,Mccoy,mmccoy8z@google.ca,74 Claremont Park,Dallas,TX,2149151572
ID000325,799-41-8699,Frances,Long,flong90@usgs.gov,0 Schlimgen Alley,Dallas,TX,2149514800
ID000326,826-57-4791,Carolyn,Duncan,cduncan91@google.com.au,1 Merry Place,Dallas,TX,2142798556
ID000327,497-33-4483,Ryan,Mendoza,rmendoza92@cyberchimps.com,9 Myrtle Way,Dallas,TX,2148671887
ID000328,733-61-4241,Jerry,Oliver,joliver93@ezinearticles.com,0 Vera Alley,Dallas,TX,4697348276
ID000329,669-72-6189,Juan,Smith,jsmith94@ucoz.ru,3 Dixon Parkway,Dallas,TX,2149099366
ID000330,867-23-4679,Marilyn,White,mwhite95@stumbleupon.com,769 Mayfield Center,Dallas,TX,9729330968
ID000331,410-60-8961,Anne,Moreno,amoreno96@kickstarter.com,60 Raven Pass,Dallas,TX,2148860662
ID000332,381-83-9299,Ruby,Greene,rgreene97@mediafire.com,328 Fallview Center,Richardson,TX,2148727995
ID000333,186-53-8147,Shawn,Rivera,srivera98@smh.com.au,8 American Hill,Dallas,TX,9725282505
ID000334,100-08-2010,Tina,Hamilton,thamilton99@tinyurl.com,24695 Di Loreto Crossing,Dallas,TX,9727556424
ID000335,166-29-5051,Benjamin,Graham,bgraham9a@bloomberg.com,08 New Castle Avenue,Dallas,TX,2149834311
ID000336,869-23-6916,Doris,Bailey,dbailey9b@huffingtonpost.com,5773 Eastlawn Center,Dallas,TX,4698011479
ID000337,242-20-9101,Jason,Washington,jwashington9c@nydailynews.com,3225 Vera Lane,Richardson,TX,9729310247
ID000338,456-04-0469,Evelyn,Wilson,ewilson9d@fema.gov,9873 Kim Center,Richardson,TX,4699015209
ID000339,812-93-7575,Steve,Cunningham,scunningham9e@google.nl,5615 Mcbride Park,Dallas,TX,2148833172
ID000340,696-31-4035,Henry,Howard,hhoward9f@wired.com,9 Lakewood Avenue,Dallas,TX,2148486192
ID000341,399-88-0576,Timothy,Crawford,tcrawford9g@earthlink.net,39384 Tony Terrace,Dallas,TX,9727292932
ID000342,342-52-5404,Todd,Rose,trose9h@fema.gov,8 Mosinee Plaza,Plano,TX,4698932893
ID000343,699-25-9472,Mary,Nelson,mnelson9i@tinypic.com,8 Colorado Avenue,Dallas,TX,2142414452
ID000344,188-14-3830,Jason,Watkins,jwatkins9j@jugem.jp,74155 Welch Terrace,Dallas,TX,9729151343
ID000345,562-73-5031,Kathy,Cole,kcole9k@macromedia.com,8600 Anniversary Pass,Dallas,TX,2149937915
ID000346,633-54-2851,Albert,Reyes,areyes9l@nbcnews.com,43 Transport Pass,Dallas,TX,4698084965
ID000347,256-93-5132,Aaron,Harvey,aharvey9m@nsw.gov.au,1807 Prairieview Pass,Dallas,TX,2146329282
ID000348,973-81-6951,Jack,Ward,jward9n@independent.co.uk,5 Susan Plaza,Richardson,TX,9729184342
ID000349,324-71-1906,Dorothy,Spencer,dspencer9o@mozilla.com,90651 Bellgrove Junction,Dallas,TX,9728928862
ID000350,227-59-5562,Lawrence,Hunt,lhunt9p@gov.uk,2 Randy Court,Dallas,TX,9729624743
ID000351,931-62-4904,Beverly,Fernandez,bfernandez9q@jigsy.com,480 Toban Lane,Richardson,TX,4699753330
ID000352,625-57-7457,Karen,Johnston,kjohnston9r@usda.gov,3 Coleman Plaza,Dallas,TX,2147681518
ID000353,285-70-4379,Howard,Gonzalez,hgonzalez9s@usatoday.com,7699 Dakota Terrace,Dallas,TX,2149056019
ID000354,490-16-4375,Dorothy,Graham,dgraham9t@tinyurl.com,9 Mcguire Alley,Richardson,TX,4696194224
ID000355,246-40-5583,Barbara,Anderson,banderson9u@marketwatch.com,77 Ronald Regan Park,Richardson,TX,2149471531
ID000356,697-56-6815,Frances,Willis,fwillis9v@sina.com.cn,61438 Becker Park,Dallas,TX,4699005979
ID000357,878-94-1305,Martha,Arnold,marnold9w@buzzfeed.com,52279 Hauk Plaza,Dallas,TX,4699686237
ID000358,721-32-2687,Maria,Medina,mmedina9x@diigo.com,6 Gina Crossing,Dallas,TX,2148513813
ID000359,842-65-5010,Jonathan,Fox,jfox9y@photobucket.com,32 Springs Road,Dallas,TX,9729165884
ID000360,657-17-6421,Carlos,Carter,ccarter9z@gizmodo.com,96207 3rd Park,Dallas,TX,2149287624
ID000361,422-81-7045,Adam,Ferguson,afergusona0@ucoz.com,0 Summerview Court,Dallas,TX,2149575621
ID000362,644-09-0337,Nicholas,Wheeler,nwheelera1@mozilla.com,756 Pleasure Circle,Dallas,TX,4699733255
ID000363,903-98-1679,Raymond,Rogers,rrogersa2@who.int,16 Monument Parkway,Richardson,TX,4698879227
ID000364,847-29-3619,Brandon,Stevens,bstevensa3@narod.ru,94647 Village Junction,Dallas,TX,2146936689
ID000365,822-62-5312,Lori,Ferguson,lfergusona4@scribd.com,49 Sachtjen Crossing,Dallas,TX,2149681515
ID000366,629-41-9551,Roy,Turner,rturnera5@abc.net.au,61544 Talmadge Drive,Richardson,TX,4699275678
ID000367,235-79-8503,Martha,Warren,mwarrena6@meetup.com,94 Vahlen Hill,Dallas,TX,9727763863
ID000368,265-90-7820,Ruby,Anderson,randersona7@slashdot.org,0482 Haas Terrace,Dallas,TX,4698732923
ID000369,694-92-0573,Steven,Bailey,sbaileya8@mlb.com,8987 Lawn Park,Dallas,TX,4699388249
ID000370,143-30-2355,Melissa,Perkins,mperkinsa9@psu.edu,0039 Hanson Court,Dallas,TX,9729953027
ID000371,344-69-2006,Ruby,Ross,rrossaa@lycos.com,86591 Roxbury Circle,Dallas,TX,2149171080
ID000372,566-64-7874,Billy,King,bkingab@gnu.org,831 Sutherland Point,Plano,TX,2148466560
ID000373,163-65-8067,Mildred,Sanchez,msanchezac@storify.com,09 Annamark Circle,Dallas,TX,4698772424
ID000374,588-45-9557,Linda,Duncan,lduncanad@paypal.com,09159 Charing Cross Way,Dallas,TX,9728773172
ID000375,142-74-6194,Janice,Montgomery,jmontgomeryae@columbia.edu,661 Grasskamp Alley,Dallas,TX,2149058688
ID000376,694-58-3169,Robin,Cox,rcoxaf@naver.com,0 Gerald Court,Dallas,TX,9727221586
ID000377,513-11-0091,Carol,Howell,chowellag@webnode.com,273 Sullivan Lane,Richardson,TX,2148311374
ID000378,432-49-7884,Doris,Welch,dwelchah@netscape.com,74 Oakridge Alley,Dallas,TX,4699836603
ID000379,204-46-7713,Debra,Kelly,dkellyai@spotify.com,0 Maywood Street,Dallas,TX,4699262312
ID000380,597-00-1738,Scott,Morales,smoralesaj@bing.com,823 Sherman Point,Plano,TX,4698011210
ID000381,221-70-6594,Louise,Murphy,lmurphyak@fema.gov,7113 Carpenter Drive,Dallas,TX,4699881773
ID000382,300-48-5255,Jack,Cruz,jcruzal@google.com.au,55322 Linden Point,Dallas,TX,4698960110
ID000383,823-59-7520,Teresa,Carter,tcarteram@zimbio.com,4757 Kingsford Street,Dallas,TX,2149641732
ID000384,526-53-0309,Eric,Flores,efloresan@behance.net,0 Vera Center,Dallas,TX,2148682141
ID000385,996-22-6511,Louis,Elliott,lelliottao@mit.edu,02 Jenna Trail,Dallas,TX,9725674117
ID000386,688-12-7828,Nicholas,Evans,nevansap@patch.com,13 Russell Lane,Dallas,TX,2149753027
ID000387,389-89-9874,Evelyn,Bailey,ebaileyaq@bbc.co.uk,77832 West Park,Dallas,TX,9729789540
ID000388,614-07-9273,Arthur,Ray,arayar@canalblog.com,3079 Donald Point,Dallas,TX,4697542762
ID000389,189-81-8299,Shawn,Burns,sburnsas@feedburner.com,51 Nelson Plaza,Dallas,TX,4699788065
ID000390,874-30-0223,Henry,Wallace,hwallaceat@list-manage.com,4139 Spaight Road,Richardson,TX,9725248949
ID000391,841-42-8500,Kathy,Garcia,kgarciaau@imdb.com,3657 Anhalt Trail,Richardson,TX,4698678069
ID000392,933-68-6811,Kenneth,Sanchez,ksanchezav@ibm.com,06600 Utah Crossing,Dallas,TX,9728100694
ID000393,124-81-1894,Carl,Bishop,cbishopaw@artisteer.com,01 Goodland Junction,Dallas,TX,4697923214
ID000394,255-45-0108,Harry,Tucker,htuckerax@yellowbook.com,8 Waubesa Parkway,Dallas,TX,2149254392
ID000395,694-43-1375,Christopher,Marshall,cmarshallay@liveinternet.ru,34693 Warbler Junction,Plano,TX,2146463142
ID000396,405-10-9736,Russell,Murphy,rmurphyaz@shutterfly.com,9552 Mandrake Center,Dallas,TX,2148433552
ID000397,752-91-8139,Jessica,Carr,jcarrb0@goo.gl,9 Sutteridge Pass,Dallas,TX,4699499851
ID000398,324-70-7021,Cheryl,Moore,cmooreb1@tinypic.com,0 2nd Plaza,Dallas,TX,9722720101
ID000399,903-05-2325,Lori,Carroll,lcarrollb2@usa.gov,879 Clarendon Alley,Dallas,TX,4699892206
ID000400,323-48-3150,Frank,Martin,fmartinb3@slate.com,428 Lindbergh Way,Dallas,TX,9728021808
ID000401,748-29-7839,Joyce,Allen,jallenb4@deviantart.com,5911 Troy Pass,Dallas,TX,4699357570
ID000402,203-92-3954,Philip,Gonzalez,pgonzalezb5@cbslocal.com,2 Buhler Street,Dallas,TX,2149412219
ID000403,483-93-2540,Nicole,Bell,nbellb6@delicious.com,69 Manitowish Lane,Dallas,TX,2149017334
ID000404,235-14-1141,Joseph,Perry,jperryb7@so-net.ne.jp,45 Judy Trail,Dallas,TX,2149382436
ID000405,138-49-9901,Doris,Peterson,dpetersonb8@engadget.com,56 Oxford Avenue,Dallas,TX,2149562812
ID000406,311-51-3288,Gregory,Marshall,gmarshallb9@narod.ru,17 Eastwood Terrace,Dallas,TX,2148240301
ID000407,359-35-2008,Virginia,Kelly,vkellyba@qq.com,37408 Morrow Court,Plano,TX,9728399825
ID000408,608-20-9205,Beverly,Hawkins,bhawkinsbb@feedburner.com,0 Hovde Terrace,Dallas,TX,4698141846
ID000409,539-33-7584,Scott,Gonzalez,sgonzalezbc@barnesandnoble.com,623 Westend Way,Dallas,TX,4699286396
ID000410,407-50-8210,Paul,Mcdonald,pmcdonaldbd@china.com.cn,334 Orin Avenue,Dallas,TX,9729941541
ID000411,158-21-4344,Dennis,Duncan,dduncanbe@marriott.com,05 Mitchell Hill,Dallas,TX,4699067817
ID000412,146-55-7699,Mary,Ryan,mryanbf@google.ru,24029 Nevada Way,Dallas,TX,4698276766
ID000413,870-93-1419,Victor,Smith,vsmithbg@creativecommons.org,0 Helena Point,Dallas,TX,2148283216
ID000414,752-50-3597,Ruby,Murray,rmurraybh@europa.eu,4920 Westend Court,Dallas,TX,2148596221
ID000415,894-84-4831,Jean,Garza,jgarzabi@dmoz.org,91 Havey Plaza,Plano,TX,9727389037
ID000416,327-53-6005,Andrew,Jordan,ajordanbj@umn.edu,38498 Park Meadow Crossing,Dallas,TX,4697621505
ID000417,868-79-0477,Harry,Marshall,hmarshallbk@ed.gov,24 Heffernan Crossing,Plano,TX,9729270592
ID000418,409-03-9079,Wayne,Franklin,wfranklinbl@instagram.com,35 Continental Alley,Dallas,TX,2147419000
ID000419,653-59-9039,Lillian,Gonzalez,lgonzalezbm@123-reg.co.uk,9922 Arkansas Circle,Plano,TX,9728729248
ID000420,718-47-6143,Rachel,Bishop,rbishopbn@whitehouse.gov,70227 Vernon Way,Dallas,TX,9727982559
ID000421,841-96-3890,Alan,Lynch,alynchbo@dailymail.co.uk,332 Dayton Plaza,Plano,TX,2149308850
ID000422,931-94-4929,Carlos,Ray,craybp@cdc.gov,62 Monument Park,Dallas,TX,4699427494
ID000423,720-85-0355,Frank,Taylor,ftaylorbq@seesaa.net,5 Lien Center,Dallas,TX,2146215602
ID000424,836-23-8686,Melissa,Burton,mburtonbr@yandex.ru,5 Springs Lane,Dallas,TX,4695670603
ID000425,999-28-2020,Anne,Nelson,anelsonbs@wp.com,34365 Kropf Park,Dallas,TX,9729041974
ID000426,919-67-6865,Amanda,Bailey,abaileybt@macromedia.com,29 Continental Point,Dallas,TX,2148194931
ID000427,362-09-9834,Chris,Duncan,cduncanbu@blogspot.com,35 Alpine Avenue,Dallas,TX,2149402965
ID000428,762-37-8033,Elizabeth,Gibson,egibsonbv@sitemeter.com,6602 Namekagon Way,Dallas,TX,9728637573
ID000429,424-50-1775,Keith,Brown,kbrownbw@slate.com,471 Burning Wood Park,Dallas,TX,2148494296
ID000430,221-74-2881,Karen,Sanchez,ksanchezbx@census.gov,71 Old Gate Point,Dallas,TX,2149156512
ID000431,467-35-1217,Marilyn,Meyer,mmeyerby@usatoday.com,3981 Lerdahl Point,Dallas,TX,9729565459
ID000432,142-41-8822,Harold,Little,hlittlebz@bbc.co.uk,81271 Evergreen Lane,Dallas,TX,4698888096
ID000433,626-74-9990,Henry,Dean,hdeanc0@soup.io,4913 Brentwood Center,Dallas,TX,4699502072
ID000434,468-99-7446,Joyce,Rivera,jriverac1@indiegogo.com,3 Johnson Pass,Dallas,TX,4699823317
ID000435,560-85-1499,Marie,Johnson,mjohnsonc2@cbc.ca,6 Graedel Street,Richardson,TX,9727014623
ID000436,650-87-6068,Aaron,Clark,aclarkc3@geocities.com,5169 Bashford Point,Plano,TX,2149314554
ID000437,262-55-8913,Anne,Campbell,acampbellc4@163.com,0140 Grover Place,Dallas,TX,2149621673
ID000438,691-11-1485,Janice,Garrett,jgarrettc5@i2i.jp,439 Prentice Hill,Dallas,TX,9729111842
ID000439,772-97-8655,Bobby,Johnson,bjohnsonc6@histats.com,7 Moulton Crossing,Dallas,TX,4699485326
ID000440,807-93-7008,Fred,Welch,fwelchc7@techcrunch.com,0 Lukken Alley,Dallas,TX,2149553447
ID000441,464-18-8734,Laura,Chapman,lchapmanc8@google.it,304 Lunder Hill,Richardson,TX,4698235855
ID000442,307-70-2725,Albert,Castillo,acastilloc9@shop-pro.jp,2 Beilfuss Center,Dallas,TX,2147050297
ID000443,528-91-7558,Julia,Oliver,joliverca@dyndns.org,42421 Farmco Street,Dallas,TX,9727805174
ID000444,408-53-0520,David,Russell,drussellcb@mlb.com,57840 Laurel Alley,Dallas,TX,9728527339
ID000445,520-76-6004,Russell,Montgomery,rmontgomerycc@clickbank.net,18 Hagan Pass,Dallas,TX,9723896002
ID000446,660-90-8261,Joe,Price,jpricecd@google.cn,1 Leroy Park,Dallas,TX,2145279098
ID000447,799-34-0025,Anthony,Harrison,aharrisonce@creativecommons.org,7123 Bunker Hill Junction,Dallas,TX,9729702532
ID000448,870-49-6647,Gregory,Hudson,ghudsoncf@uol.com.br,42 Park Meadow Park,Dallas,TX,9728839738
ID000449,707-63-8293,Michelle,Chapman,mchapmancg@pbs.org,29 Rieder Pass,Dallas,TX,9729117317
ID000450,469-39-1386,Chris,Bailey,cbaileych@slashdot.org,8 South Court,Dallas,TX,2149354761
ID000451,553-57-0780,Kevin,Wood,kwoodci@php.net,0 Pierstorff Park,Dallas,TX,4698761298
ID000452,316-43-6159,Louise,Spencer,lspencercj@edublogs.org,4462 Blaine Avenue,Dallas,TX,2148775122
ID000453,455-51-2609,Ruth,Lee,rleeck@geocities.jp,58 Waubesa Avenue,Dallas,TX,4699402041
ID000454,995-34-9938,Carolyn,Alexander,calexandercl@washingtonpost.com,634 Judy Pass,Dallas,TX,2148829567
ID000455,149-26-9323,Barbara,Rivera,briveracm@illinois.edu,93 North Pass,Dallas,TX,9726967148
ID000456,889-46-9650,Adam,Mcdonald,amcdonaldcn@go.com,20734 Beilfuss Park,Dallas,TX,9728467469
ID000457,242-32-1789,Sara,Graham,sgrahamco@reverbnation.com,4992 Ridgeview Court,Dallas,TX,4695862569
ID000458,900-93-1217,Henry,Spencer,hspencercp@etsy.com,919 7th Plaza,Dallas,TX,2149493097
ID000459,669-83-7441,Lillian,Austin,laustincq@ask.com,8 Eagle Crest Way,Richardson,TX,4699802648
ID000460,989-79-1559,Jerry,Pierce,jpiercecr@reference.com,16 Charing Cross Center,Dallas,TX,4695463297
ID000461,336-44-7837,Emily,Ruiz,eruizcs@google.fr,1 Claremont Junction,Plano,TX,2149615149
ID000462,928-58-0480,Lillian,Baker,lbakerct@ft.com,111 Village Plaza,Richardson,TX,4696437532
ID000463,186-05-2080,Ruth,Butler,rbutlercu@51.la,41052 Waubesa Lane,Richardson,TX,9727605201
ID000464,922-11-3673,Catherine,Welch,cwelchcv@bluehost.com,666 Kim Crossing,Dallas,TX,9728952567
ID000465,209-54-9222,Howard,Castillo,hcastillocw@themeforest.net,4069 Oneill Point,Richardson,TX,2143328692
ID000466,352-50-9918,Justin,Sanders,jsanderscx@gov.uk,2 Mayer Junction,Plano,TX,2148837551
ID000467,651-14-8311,Ronald,Roberts,rrobertscy@stanford.edu,25 South Lane,Dallas,TX,9727031253
ID000468,724-31-5669,Jane,Harrison,jharrisoncz@hibu.com,8070 Clarendon Parkway,Dallas,TX,4699070689
ID000469,506-88-8490,Benjamin,Grant,bgrantd0@bravesites.com,89750 Kenwood Crossing,Dallas,TX,4699782012
ID000470,581-20-4224,Harry,Miller,hmillerd1@google.com,721 High Crossing Court,Dallas,TX,2148679998
ID000471,878-06-0469,Matthew,Burke,mburked2@360.cn,735 Toban Park,Plano,TX,9729153614
ID000472,246-12-3136,Christine,Chavez,cchavezd3@behance.net,560 Atwood Pass,Dallas,TX,2149376446
ID000473,938-95-9106,Eric,Hernandez,ehernandezd4@sohu.com,80149 Haas Court,Dallas,TX,2149051189
ID000474,734-24-8047,Diana,Jones,djonesd5@canalblog.com,499 Pearson Junction,Dallas,TX,4698384299
ID000475,829-11-9179,Janet,Rice,jriced6@so-net.ne.jp,35291 Bunker Hill Way,Dallas,TX,2142913432
ID000476,744-91-0994,Diane,Ruiz,druizd7@webs.com,36 Cambridge Park,Dallas,TX,4698885191
ID000477,981-13-1196,Theresa,Russell,trusselld8@ehow.com,589 Northwestern Park,Dallas,TX,2148511236
ID000478,770-00-5747,Wayne,Hunt,whuntd9@oracle.com,9818 Westend Center,Plano,TX,4699414660
ID000479,842-92-7572,Virginia,Gordon,vgordonda@example.com,76 Tony Road,Dallas,TX,2149138462
ID000480,737-53-3435,Gloria,Rice,gricedb@cam.ac.uk,9 Golf View Alley,Dallas,TX,2149209672
ID000481,451-56-2506,Mildred,Butler,mbutlerdc@xinhuanet.com,67 Westerfield Avenue,Dallas,TX,4692834838
ID000482,368-38-1777,Debra,West,dwestdd@ed.gov,4799 Melody Parkway,Richardson,TX,9729666826
ID000483,199-36-9132,Nancy,Wheeler,nwheelerde@microsoft.com,737 Doe Crossing Trail,Dallas,TX,9728983947
ID000484,931-76-2866,Lawrence,Stone,lstonedf@tripadvisor.com,8 Darwin Alley,Richardson,TX,2149499916
ID000485,371-28-8168,Rachel,Reyes,rreyesdg@tmall.com,6 Anniversary Alley,Richardson,TX,9729396714
ID000486,435-69-4707,Amanda,Simpson,asimpsondh@gnu.org,15 Dixon Street,Dallas,TX,9727401910
ID000487,235-32-3985,Lori,Carroll,lcarrolldi@networkadvertising.org,213 Forest Point,Dallas,TX,4699588957
ID000488,148-55-6625,Bobby,Austin,baustindj@unesco.org,62352 Pankratz Road,Richardson,TX,9729127272
ID000489,253-35-6885,Brenda,Carpenter,bcarpenterdk@slashdot.org,6664 Prairie Rose Point,Dallas,TX,2149861471
ID000490,817-44-1979,Sharon,Mason,smasondl@google.pl,33 Moulton Lane,Dallas,TX,9729011745
ID000491,639-31-4924,Joshua,Ross,jrossdm@netvibes.com,4376 Kropf Road,Dallas,TX,2149154707
ID000492,926-53-1333,Melissa,Mccoy,mmccoydn@fc2.com,08770 Moland Lane,Richardson,TX,4699264571
ID000493,728-54-9849,Bobby,Kelly,bkellydo@altervista.org,79 Burning Wood Pass,Dallas,TX,2148601350
ID000494,846-65-0817,Jennifer,Ortiz,jortizdp@ucoz.com,25989 Mccormick Drive,Dallas,TX,4698747030
ID000495,810-70-4323,Chris,Carter,ccarterdq@comsenz.com,50486 Grim Alley,Dallas,TX,4699161204
ID000496,919-26-6378,Christopher,Gonzales,cgonzalesdr@arizona.edu,49163 Moose Point,Dallas,TX,2149596901
ID000497,966-29-4430,Albert,Gibson,agibsonds@uol.com.br,90 Lillian Trail,Dallas,TX,4699517990
ID000498,435-99-9670,Doris,Rose,drosedt@newyorker.com,1891 Melrose Terrace,Richardson,TX,9728494915
ID000499,416-21-6778,Marilyn,Jordan,mjordandu@technorati.com,61 Eagle Crest Junction,Richardson,TX,2147963512
ID000500,306-68-0158,Joe,Bowman,jbowmandv@marketwatch.com,26225 8th Road,Dallas,TX,9728828221
ID000501,840-12-3188,Denise,Price,dpricedw@sfgate.com,46 Knutson Drive,Richardson,TX,9724889450
ID000502,332-41-0512,Evelyn,Edwards,eedwardsdx@arstechnica.com,7867 Nancy Park,Dallas,TX,9722091095
ID000503,196-02-7403,Kimberly,Hernandez,khernandezdy@parallels.com,2 Buell Drive,Dallas,TX,4697796890
ID000504,388-55-1450,Norma,Boyd,nboyddz@hao123.com,35 Service Court,Dallas,TX,9728337491
ID000505,395-16-7095,Sharon,Ramos,sramose0@quantcast.com,39 Daystar Hill,Dallas,TX,2148987050
ID000506,541-25-5056,Rachel,Riley,rrileye1@wordpress.org,01017 Jay Plaza,Dallas,TX,9728038359
ID000507,132-58-8039,Randy,Jenkins,rjenkinse2@mozilla.org,794 Buena Vista Road,Dallas,TX,4698949345
ID000508,774-38-4043,John,Clark,jclarke3@linkedin.com,0708 North Terrace,Dallas,TX,4699181359
ID000509,495-55-0985,Ruby,Hansen,rhansene4@acquirethisname.com,8756 Wayridge Drive,Dallas,TX,4699414442
ID000510,739-90-9261,Ashley,Peters,apeterse5@state.gov,28880 4th Alley,Dallas,TX,9728934339
ID000511,377-63-8268,Albert,Garcia,agarciae6@redcross.org,0 Maple Terrace,Plano,TX,9729317094
ID000512,150-30-2288,Clarence,Holmes,cholmese7@pinterest.com,291 1st Terrace,Richardson,TX,2149526641
ID000513,849-92-8312,Julie,Parker,jparkere8@usnews.com,3377 Dahle Street,Dallas,TX,2148769952
ID000514,953-43-1417,Michael,Martinez,mmartineze9@wordpress.org,0967 Melrose Avenue,Dallas,TX,2149358776
ID000515,337-86-8085,William,Berry,wberryea@sogou.com,9 Hagan Street,Dallas,TX,2148851966
ID000516,465-95-8833,Gerald,Burke,gburkeeb@squarespace.com,5175 Florence Center,Dallas,TX,4699997380
ID000517,960-83-9340,Linda,Rodriguez,lrodriguezec@edublogs.org,2427 Reindahl Park,Dallas,TX,9726645725
ID000518,709-91-1641,Terry,Stephens,tstephensed@marketwatch.com,27291 Farragut Court,Dallas,TX,9728900078
ID000519,423-06-4282,Timothy,Hunt,thuntee@tripadvisor.com,4219 Westport Hill,Richardson,TX,2149501960
ID000520,622-29-9732,Richard,Cruz,rcruzef@arizona.edu,813 Darwin Avenue,Dallas,TX,9728892210
ID000521,631-12-8701,Gregory,Gomez,ggomezeg@free.fr,3993 American Circle,Dallas,TX,9728678273
ID000522,699-59-0681,Louise,Garza,lgarzaeh@naver.com,14760 Bobwhite Terrace,Dallas,TX,4698937918
ID000523,762-63-8070,James,Adams,jadamsei@mlb.com,055 Alpine Way,Richardson,TX,9729254501
ID000524,149-42-1309,Victor,Gardner,vgardnerej@yahoo.com,12141 Corscot Junction,Dallas,TX,9729622925
ID000525,531-67-5941,Ernest,Lane,elaneek@army.mil,66226 Nova Way,Plano,TX,4699996823
ID000526,156-63-1943,Joe,Griffin,jgriffinel@google.ca,205 Fuller Plaza,Dallas,TX,4699124055
ID000527,664-38-4205,Sean,Kelly,skellyem@typepad.com,3 Gerald Court,Dallas,TX,2149709971
ID000528,662-87-7945,Angela,Turner,aturneren@xrea.com,53 Colorado Pass,Plano,TX,4699452673
ID000529,678-62-8472,Jerry,Howard,jhowardeo@sohu.com,68198 Monterey Parkway,Dallas,TX,9729363734
ID000530,216-37-2770,Ashley,Lopez,alopezep@ucla.edu,405 Hovde Way,Dallas,TX,9729564194
ID000531,302-51-0303,Albert,Marshall,amarshalleq@miibeian.gov.cn,933 Claremont Avenue,Dallas,TX,9727718796
ID000532,194-03-3629,Michelle,Williams,mwilliamser@ask.com,07 Marquette Road,Dallas,TX,4699217056
ID000533,303-31-8810,Sharon,Wells,swellses@youtube.com,23 Twin Pines Parkway,Dallas,TX,9728415472
ID000534,785-25-4186,Doris,Gordon,dgordonet@springer.com,358 Pearson Court,Dallas,TX,4699451043
ID000535,395-22-8160,Patricia,Long,plongeu@abc.net.au,76 Jana Place,Plano,TX,4697112650
ID000536,374-21-6461,Helen,Lee,hleeev@theglobeandmail.com,65137 Summerview Crossing,Dallas,TX,4696568757
ID000537,746-77-1077,Kimberly,Collins,kcollinsew@omniture.com,9629 Delaware Crossing,Dallas,TX,4697893606
ID000538,376-27-2540,Mary,Dunn,mdunnex@google.ru,6848 Sunbrook Parkway,Dallas,TX,2149612821
ID000539,756-45-3967,Amy,Harper,aharperey@hud.gov,5863 Boyd Drive,Dallas,TX,2149883185
ID000540,873-25-3246,Bobby,Long,blongez@xrea.com,35 Paget Circle,Plano,TX,2149101295
ID000541,447-50-8678,Sara,Young,syoungf0@de.vu,71916 Sherman Point,Plano,TX,9729182624
ID000542,303-61-3106,Kathy,Oliver,koliverf1@tinyurl.com,0 Victoria Junction,Dallas,TX,9727848364
ID000543,693-54-6232,Ruby,Ray,rrayf2@usatoday.com,17 Hermina Point,Dallas,TX,2149871219
ID000544,107-16-4727,Lori,Schmidt,lschmidtf3@1und1.de,181 Rowland Hill,Dallas,TX,4697866455
ID000545,160-60-2907,Raymond,Fox,rfoxf4@infoseek.co.jp,1 Farwell Avenue,Dallas,TX,2149860132
ID000546,192-57-3114,Nancy,Turner,nturnerf5@timesonline.co.uk,1 Vermont Alley,Dallas,TX,2149844444
ID000547,214-13-7727,Gregory,Richards,grichardsf6@google.nl,9 Vidon Street,Dallas,TX,2149115776
ID000548,480-37-2448,Lawrence,Perez,lperezf7@dagondesign.com,6441 Derek Junction,Dallas,TX,9729327049
ID000549,279-03-2319,Thomas,Pierce,tpiercef8@people.com.cn,73803 Prairieview Alley,Dallas,TX,2148377005
ID000550,860-31-5301,Steve,Larson,slarsonf9@economist.com,6 Nobel Trail,Dallas,TX,4698188073
ID000551,375-32-0893,Aaron,Coleman,acolemanfa@creativecommons.org,62 Golden Leaf Crossing,Plano,TX,9729657245
ID000552,335-17-5061,Joe,Daniels,jdanielsfb@who.int,916 Marcy Way,Richardson,TX,9728527588
ID000553,273-16-3483,Theresa,Porter,tporterfc@mozilla.org,8868 Blaine Pass,Dallas,TX,2148412263
ID000554,690-78-4766,Kathleen,Crawford,kcrawfordfd@google.es,44 Elmside Place,Dallas,TX,2144662521
ID000555,371-48-9808,Joe,Bradley,jbradleyfe@cyberchimps.com,90362 Kipling Plaza,Dallas,TX,2149349993
ID000556,957-05-0987,Paul,Jacobs,pjacobsff@typepad.com,512 Tennessee Place,Dallas,TX,2148428747
ID000557,229-10-8054,Andrew,Reid,areidfg@yandex.ru,7654 Moland Terrace,Dallas,TX,9726104548
ID000558,714-89-8210,Ralph,George,rgeorgefh@squarespace.com,072 Merchant Trail,Dallas,TX,9729176796
ID000559,401-33-5380,Jeremy,Brown,jbrownfi@biblegateway.com,2 Old Shore Park,Plano,TX,4699823476
ID000560,953-58-5532,Nicholas,Kennedy,nkennedyfj@geocities.com,2067 Jana Parkway,Dallas,TX,2149516843
ID000561,818-63-4715,Ronald,Wells,rwellsfk@cbslocal.com,37 Prairieview Parkway,Plano,TX,4696723875
ID000562,984-16-0277,Albert,Gilbert,agilbertfl@dion.ne.jp,7169 Scoville Avenue,Dallas,TX,9725997668
ID000563,762-90-9837,Jason,Turner,jturnerfm@google.com.hk,208 Summit Park,Dallas,TX,9729197729
ID000564,229-26-6155,Arthur,Spencer,aspencerfn@pinterest.com,624 Kropf Terrace,Dallas,TX,4697904776
ID000565,673-35-9377,Bonnie,Ray,brayfo@soup.io,20935 Vahlen Pass,Dallas,TX,4696900504
ID000566,414-82-6319,Carol,Ryan,cryanfp@boston.com,43 Sloan Avenue,Dallas,TX,4699593742
ID000567,832-18-4025,Kevin,Little,klittlefq@nasa.gov,244 Tony Center,Dallas,TX,2148656806
ID000568,562-28-1756,Todd,Hall,thallfr@wp.com,3896 Corscot Circle,Dallas,TX,2146237406
ID000569,243-20-4627,Ralph,Hart,rhartfs@tamu.edu,16083 Lillian Crossing,Dallas,TX,4699161028
ID000570,152-91-1428,Ruby,Martin,rmartinft@omniture.com,6 Merry Trail,Dallas,TX,4697811733
ID000571,200-92-4036,Julia,Kim,jkimfu@apache.org,30 Corscot Terrace,Richardson,TX,9728268872
ID000572,869-20-2424,Lawrence,Reyes,lreyesfv@t-online.de,70001 Lunder Pass,Plano,TX,4699527199
ID000573,766-56-6664,Ronald,Rivera,rriverafw@umn.edu,0 Fuller Trail,Dallas,TX,4699776988
ID000574,966-33-9584,Kenneth,Medina,kmedinafx@cocolog-nifty.com,652 Melody Avenue,Dallas,TX,4698152235
ID000575,761-70-9256,Angela,Clark,aclarkfy@gravatar.com,916 Elka Place,Dallas,TX,9727269437
ID000576,191-21-0161,Diane,Brown,dbrownfz@rakuten.co.jp,4221 Petterle Junction,Plano,TX,9726337951
ID000577,597-21-1875,Jack,Ward,jwardg0@ustream.tv,00625 Warner Street,Dallas,TX,9728024440
ID000578,175-99-0098,Roger,Powell,rpowellg1@free.fr,48387 Corben Junction,Dallas,TX,2148036520
ID000579,541-56-2611,Rachel,Cook,rcookg2@bing.com,214 Eastwood Hill,Dallas,TX,2148623951
ID000580,454-07-8145,Karen,Burke,kburkeg3@edublogs.org,09242 Victoria Plaza,Dallas,TX,4698977697
ID000581,947-35-1972,Kimberly,Robinson,krobinsong4@blog.com,26233 Oneill Junction,Dallas,TX,2148102174
ID000582,679-65-6095,Samuel,Bryant,sbryantg5@about.me,95 Pearson Pass,Dallas,TX,9725096994
ID000583,522-26-5924,Russell,Berry,rberryg6@icio.us,27 Moose Plaza,Plano,TX,2149697916
ID000584,624-87-7517,Paula,Frazier,pfrazierg7@i2i.jp,713 Havey Court,Dallas,TX,4697047407
ID000585,502-80-0344,Anna,Rice,ariceg8@springer.com,9 Lunder Center,Dallas,TX,4699601948
ID000586,385-99-4195,Diane,Stanley,dstanleyg9@amazon.com,96 Roth Hill,Richardson,TX,2149558100
ID000587,678-08-8971,Billy,Snyder,bsnyderga@i2i.jp,8170 Clarendon Crossing,Dallas,TX,9728838736
ID000588,850-26-9485,Juan,Bailey,jbaileygb@japanpost.jp,6 Logan Crossing,Plano,TX,9729549785
ID000589,119-17-4689,Patricia,Green,pgreengc@mtv.com,27001 Mayfield Street,Dallas,TX,9728801670
ID000590,640-57-8903,Louise,Harrison,lharrisongd@bloomberg.com,4383 Forest Dale Hill,Plano,TX,9725916825
ID000591,915-81-5067,Scott,Cunningham,scunninghamge@latimes.com,1312 Kinsman Terrace,Dallas,TX,4699408227
ID000592,287-08-2149,Steve,White,swhitegf@fc2.com,57 Vera Lane,Dallas,TX,9725733704
ID000593,915-62-6265,Brandon,Jones,bjonesgg@loc.gov,8845 Blackbird Terrace,Dallas,TX,2149828588
ID000594,622-62-2819,Rebecca,Reed,rreedgh@google.de,012 Sunbrook Place,Plano,TX,4698001493
ID000595,330-90-1862,Kelly,Hawkins,khawkinsgi@prweb.com,517 Bay Crossing,Dallas,TX,9728392019
ID000596,159-37-4167,Kenneth,Hudson,khudsongj@rambler.ru,16 Porter Trail,Dallas,TX,9729777399
ID000597,332-96-2350,Tammy,Butler,tbutlergk@mtv.com,0897 Amoth Hill,Dallas,TX,2149348616
ID000598,179-13-6812,Steven,Lane,slanegl@unc.edu,0185 Hollow Ridge Street,Dallas,TX,2149930045
ID000599,640-94-5337,Jean,West,jwestgm@buzzfeed.com,5487 Tomscot Place,Plano,TX,2148144521
ID000600,381-83-4152,Keith,Mason,kmasongn@tripadvisor.com,1 Norway Maple Park,Richardson,TX,4692377698
ID000601,480-06-1832,Jose,Morales,jmoralesgo@ed.gov,36703 Pennsylvania Center,Dallas,TX,2149368952
ID000602,360-26-2573,Johnny,Harris,jharrisgp@apple.com,816 Ramsey Pass,Dallas,TX,2148008878
ID000603,271-80-3746,Harold,Romero,hromerogq@trellian.com,864 Clove Plaza,Dallas,TX,9729587058
ID000604,161-60-2246,Jose,Phillips,jphillipsgr@wiley.com,726 Farwell Road,Dallas,TX,4699227795
ID000605,968-21-3159,Tina,Nguyen,tnguyengs@diigo.com,7814 Fairview Avenue,Dallas,TX,2148582813
ID000606,994-00-7169,Michelle,Hill,mhillgt@taobao.com,70 Jana Plaza,Plano,TX,2148054933
ID000607,164-07-0343,Henry,Powell,hpowellgu@symantec.com,1 Arapahoe Plaza,Dallas,TX,4698619090
ID000608,491-05-7221,Donna,Nelson,dnelsongv@reverbnation.com,4 Homewood Alley,Dallas,TX,4697009754
ID000609,511-95-4134,Louis,Perry,lperrygw@hatena.ne.jp,1655 Heffernan Pass,Dallas,TX,2148203573
ID000610,196-78-4374,Paul,Lee,pleegx@google.de,41406 Ridge Oak Parkway,Dallas,TX,9728106175
ID000611,112-60-2094,Diana,King,dkinggy@bluehost.com,65113 Saint Paul Court,Dallas,TX,9727489174
ID000612,376-03-6774,Evelyn,Campbell,ecampbellgz@unblog.fr,68 Mifflin Court,Dallas,TX,2147434130
ID000613,277-81-5111,Louis,Howard,lhowardh0@purevolume.com,0 Lyons Park,Dallas,TX,9729413029
ID000614,658-05-1653,Irene,Robinson,irobinsonh1@howstuffworks.com,04 Fairfield Parkway,Dallas,TX,4699436537
ID000615,155-87-2365,Alice,Armstrong,aarmstrongh2@tumblr.com,7068 Derek Alley,Dallas,TX,2149116490
ID000616,665-02-8900,Eugene,Woods,ewoodsh3@mit.edu,56245 Graceland Way,Dallas,TX,9728328839
ID000617,670-32-5349,Louis,Taylor,ltaylorh4@bloglines.com,09508 Thackeray Center,Dallas,TX,2149320979
ID000618,416-31-2379,Deborah,Owens,dowensh5@domainmarket.com,12322 Hayes Center,Dallas,TX,2149711946
ID000619,346-41-4220,Marilyn,Collins,mcollinsh6@booking.com,305 1st Crossing,Dallas,TX,9729274971
ID000620,475-06-7256,Virginia,Gonzalez,vgonzalezh7@list-manage.com,03722 Huxley Point,Dallas,TX,2148643430
ID000621,701-28-5911,Helen,Ryan,hryanh8@nps.gov,51 Kennedy Parkway,Dallas,TX,2149880720
ID000622,646-84-1183,John,Myers,jmyersh9@pen.io,4 Mendota Junction,Dallas,TX,2144370969
ID000623,748-14-1656,Mary,Collins,mcollinsha@prweb.com,261 Almo Alley,Dallas,TX,4699875918
ID000624,802-79-0419,Raymond,Carter,rcarterhb@dmoz.org,71 Eastwood Way,Dallas,TX,9728910800
ID000625,124-07-9804,Mary,Ramos,mramoshc@tripod.com,6 Anderson Lane,Plano,TX,2149890536
ID000626,311-30-5644,Kathy,Ferguson,kfergusonhd@hibu.com,20 7th Place,Dallas,TX,2146077944
ID000627,156-04-8304,Clarence,Morales,cmoraleshe@joomla.org,4645 Homewood Trail,Plano,TX,2149000324
ID000628,590-28-7564,Teresa,Campbell,tcampbellhf@si.edu,0241 Bultman Point,Dallas,TX,2149300030
ID000629,157-33-0075,Roger,Nguyen,rnguyenhg@hc360.com,249 Marquette Center,Dallas,TX,9729318604
ID000630,326-20-8507,Phyllis,Long,plonghh@cnn.com,9 Bluestem Circle,Dallas,TX,9726617458
ID000631,536-17-5051,Michael,Taylor,mtaylorhi@bandcamp.com,18398 Florence Place,Dallas,TX,9728337591
ID000632,906-45-2011,John,Watkins,jwatkinshj@webeden.co.uk,1669 Ridgeview Hill,Richardson,TX,2149250299
ID000633,336-89-2349,Carolyn,Garcia,cgarciahk@typepad.com,9 Dapin Trail,Dallas,TX,2149202780
ID000634,255-25-6148,Donald,Phillips,dphillipshl@google.fr,7 Alpine Alley,Dallas,TX,2148136913
ID000635,292-88-0298,Deborah,Watson,dwatsonhm@bluehost.com,75 Carey Parkway,Dallas,TX,4698091498
ID000636,640-78-6255,Annie,Shaw,ashawhn@answers.com,66820 Bunting Plaza,Dallas,TX,9729656678
ID000637,847-47-8564,Alan,Price,apriceho@tinyurl.com,84 Rutledge Junction,Dallas,TX,9727765854
ID000638,126-26-3636,Kathryn,Morrison,kmorrisonhp@oracle.com,59100 Onsgard Crossing,Dallas,TX,9728751440
ID000639,471-61-6333,Christopher,Johnson,cjohnsonhq@hp.com,777 Ludington Terrace,Dallas,TX,9726799556
ID000640,439-03-8518,Joshua,Bishop,jbishophr@si.edu,0 Grim Place,Dallas,TX,2146005143
ID000641,391-22-2309,Ernest,Jones,ejoneshs@liveinternet.ru,8085 Weeping Birch Alley,Dallas,TX,9729481978
ID000642,897-34-6632,Melissa,Banks,mbanksht@google.es,578 Reindahl Trail,Dallas,TX,9729932150
ID000643,985-72-2421,Arthur,Lane,alanehu@admin.ch,26696 Steensland Court,Plano,TX,2149598756
ID000644,325-85-6108,Joyce,Perkins,jperkinshv@nhs.uk,8 Bluestem Park,Dallas,TX,9729425394
ID000645,506-85-1419,Judith,Sullivan,jsullivanhw@nifty.com,95194 Badeau Trail,Dallas,TX,9728908729
ID000646,103-27-3706,Billy,Johnson,bjohnsonhx@si.edu,95272 Kensington Plaza,Dallas,TX,9728235333
ID000647,378-57-9726,Marie,Bell,mbellhy@ucoz.com,74 Anderson Avenue,Dallas,TX,4699910533
ID000648,764-94-7005,Jimmy,Ford,jfordhz@cpanel.net,14311 Merchant Court,Dallas,TX,4699373556
ID000649,667-37-5162,Alice,Mccoy,amccoyi0@ifeng.com,6 Nelson Avenue,Dallas,TX,4698487697
ID000650,946-02-5323,Richard,Matthews,rmatthewsi1@chronoengine.com,121 Warrior Alley,Dallas,TX,9729630887
ID000651,143-59-3681,Daniel,Foster,dfosteri2@nymag.com,84 Charing Cross Avenue,Dallas,TX,9728380899
ID000652,251-35-0397,Earl,Banks,ebanksi3@theglobeandmail.com,0 Lindbergh Place,Dallas,TX,9729219987
ID000653,709-47-1259,Scott,Rogers,srogersi4@reverbnation.com,9 Gulseth Circle,Dallas,TX,4699367824
ID000654,211-17-9786,Richard,Baker,rbakeri5@merriam-webster.com,68093 Ridge Oak Junction,Dallas,TX,9729578835
ID000655,375-17-9234,Robin,Mcdonald,rmcdonaldi6@unblog.fr,3407 Old Gate Circle,Dallas,TX,9728582976
ID000656,512-45-0642,Victor,Riley,vrileyi7@devhub.com,219 Fair Oaks Park,Dallas,TX,2149327141
ID000657,727-22-0778,Anne,Lopez,alopezi8@samsung.com,62 Truax Terrace,Dallas,TX,9729878304
ID000658,315-71-5729,Margaret,Fisher,mfisheri9@goodreads.com,53744 Prentice Alley,Dallas,TX,4697112192
ID000659,897-19-4834,Amanda,Perkins,aperkinsia@360.cn,629 Troy Way,Dallas,TX,9729372368
ID000660,619-76-5825,Linda,Perry,lperryib@eepurl.com,83189 Esch Circle,Dallas,TX,2148653742
ID000661,272-90-8955,Wanda,Lawrence,wlawrenceic@newsvine.com,6239 Mandrake Alley,Dallas,TX,2147724765
ID000662,100-07-8344,Tina,Mitchell,tmitchellid@multiply.com,42613 Pankratz Hill,Dallas,TX,9727918636
ID000663,392-34-3414,Jacqueline,Gordon,jgordonie@bloglovin.com,3603 Vernon Junction,Dallas,TX,9729795379
ID000664,850-03-5811,Betty,Hunt,bhuntif@yahoo.com,79 Welch Court,Dallas,TX,2146154372
ID000665,190-47-5767,Kevin,Webb,kwebbig@aol.com,156 Lukken Lane,Dallas,TX,2149477416
ID000666,529-87-4076,Joshua,Evans,jevansih@forbes.com,225 Dixon Center,Richardson,TX,2148824750
ID000667,836-54-2070,Kathleen,Peters,kpetersii@ameblo.jp,5024 Park Meadow Park,Dallas,TX,2148382643
ID000668,265-54-1326,Marie,Mason,mmasonij@mapy.cz,651 Cody Trail,Dallas,TX,9729188605
ID000669,941-12-6153,Jean,Morrison,jmorrisonik@nhs.uk,68 Stuart Parkway,Dallas,TX,9727678868
ID000670,190-47-8274,Daniel,Hudson,dhudsonil@networksolutions.com,16609 Oak Valley Plaza,Dallas,TX,2149217666
ID000671,318-20-1054,Judith,Dixon,jdixonim@odnoklassniki.ru,8 Almo Court,Dallas,TX,9729082892
ID000672,963-64-2281,Roy,Morales,rmoralesin@chronoengine.com,05025 Muir Point,Dallas,TX,9726351013
ID000673,531-84-3873,Justin,Marshall,jmarshallio@quantcast.com,972 Crownhardt Circle,Plano,TX,4697786036
ID000674,635-15-6122,Gregory,Smith,gsmithip@house.gov,59810 Erie Circle,Dallas,TX,9728680952
ID000675,552-29-0884,Deborah,Reed,dreediq@sitemeter.com,426 Swallow Hill,Richardson,TX,2149812497
ID000676,578-14-7271,Pamela,King,pkingir@google.es,1754 Pennsylvania Way,Plano,TX,2149890559
ID000677,520-65-9256,Alan,Welch,awelchis@biblegateway.com,1102 Magdeline Court,Richardson,TX,4699844212
ID000678,393-11-9047,Samuel,Moore,smooreit@sina.com.cn,41307 Grasskamp Drive,Dallas,TX,9728508906
ID000679,343-72-6326,Katherine,Holmes,kholmesiu@paypal.com,0 Rowland Avenue,Dallas,TX,9729543190
ID000680,900-26-2190,Harold,Williams,hwilliamsiv@paginegialle.it,7576 Vermont Plaza,Dallas,TX,2148897673
ID000681,133-85-2262,Evelyn,Nguyen,enguyeniw@marketwatch.com,590 Independence Circle,Dallas,TX,4697467480
ID000682,824-55-4537,Joe,Cooper,jcooperix@livejournal.com,1421 Linden Avenue,Plano,TX,4699771179
ID000683,784-92-2076,Helen,Fernandez,hfernandeziy@google.ru,70499 Michigan Circle,Dallas,TX,4698318504
ID000684,151-58-6475,Nicholas,Gibson,ngibsoniz@ebay.com,2454 Clemons Crossing,Plano,TX,9729063742
ID000685,122-74-8518,Angela,Tucker,atuckerj0@who.int,50 Brentwood Crossing,Dallas,TX,9726505349
ID000686,917-44-4969,Amy,Washington,awashingtonj1@miibeian.gov.cn,93083 Elka Lane,Dallas,TX,9728172285
ID000687,688-02-5499,Gregory,Sanchez,gsanchezj2@psu.edu,230 Briar Crest Road,Dallas,TX,9728608215
ID000688,941-81-2456,Terry,Kennedy,tkennedyj3@boston.com,55 Summer Ridge Point,Dallas,TX,2149451527
ID000689,370-79-5137,Charles,Bradley,cbradleyj4@nature.com,10 Kenwood Avenue,Dallas,TX,2147634487
ID000690,972-75-6100,Judy,Gilbert,jgilbertj5@pinterest.com,0 Roth Alley,Dallas,TX,2149178414
ID000691,820-05-9916,Paul,Chapman,pchapmanj6@cam.ac.uk,57011 Reindahl Terrace,Richardson,TX,4699189529
ID000692,536-88-7676,Cheryl,Taylor,ctaylorj7@simplemachines.org,4916 Stang Hill,Plano,TX,4696029760
ID000693,753-82-4781,Linda,Nelson,lnelsonj8@sphinn.com,46 Lukken Hill,Dallas,TX,2147283594
ID000694,617-28-1448,Edward,Harvey,eharveyj9@geocities.com,2989 Leroy Point,Dallas,TX,4699998714
ID000695,735-50-3554,Carolyn,Chapman,cchapmanja@topsy.com,9524 Amoth Lane,Dallas,TX,2149472089
ID000696,525-50-2241,Jack,Hudson,jhudsonjb@google.cn,2 Claremont Drive,Dallas,TX,9725444023
ID000697,534-11-4411,Adam,Gardner,agardnerjc@huffingtonpost.com,907 Corben Alley,Dallas,TX,2145480751
ID000698,363-38-9674,Julia,Pierce,jpiercejd@simplemachines.org,8 Heath Avenue,Richardson,TX,4697015525
ID000699,407-53-1627,Janet,Robertson,jrobertsonje@blogspot.com,20 Mesta Plaza,Dallas,TX,2148362849
ID000700,240-04-1102,Maria,Romero,mromerojf@bandcamp.com,188 Loeprich Drive,Richardson,TX,2148457095
ID000701,472-98-6371,Diana,Rogers,drogersjg@paypal.com,58 Welch Place,Dallas,TX,4695026533
ID000702,663-09-0104,Evelyn,Carter,ecarterjh@wikia.com,8 Fair Oaks Alley,Plano,TX,4698250017
ID000703,535-55-5684,Bruce,Armstrong,barmstrongji@senate.gov,9 Memorial Junction,Plano,TX,2148755764
ID000704,325-18-4093,Janice,Matthews,jmatthewsjj@ning.com,967 Mifflin Center,Dallas,TX,4699147781
ID000705,371-06-4026,Mildred,Nelson,mnelsonjk@mediafire.com,9598 Union Terrace,Dallas,TX,9724523908
ID000706,222-63-3734,Shawn,Robertson,srobertsonjl@list-manage.com,6590 Holy Cross Way,Dallas,TX,9726562026
ID000707,276-49-3884,Elizabeth,Tucker,etuckerjm@lulu.com,65 Fulton Court,Dallas,TX,2149876456
ID000708,122-23-9319,Dorothy,Harper,dharperjn@icio.us,83 Boyd Center,Dallas,TX,2148271293
ID000709,323-59-6505,Jack,Woods,jwoodsjo@nps.gov,10 Crest Line Pass,Dallas,TX,2149429460
ID000710,436-60-5376,Eric,Jordan,ejordanjp@oaic.gov.au,154 Redwing Way,Richardson,TX,4699243271
ID000711,283-97-2577,Marilyn,Taylor,mtaylorjq@marketwatch.com,57 Farmco Park,Dallas,TX,2148067627
ID000712,248-17-2518,Timothy,Edwards,tedwardsjr@addtoany.com,109 Larry Road,Dallas,TX,2149749365
ID000713,637-48-2284,Carol,Welch,cwelchjs@apple.com,121 Ohio Road,Dallas,TX,2148210016
ID000714,164-19-4566,Sandra,Reed,sreedjt@constantcontact.com,1876 Westend Court,Plano,TX,4698969764
ID000715,498-44-8648,Jason,Dunn,jdunnju@sakura.ne.jp,90950 Sherman Way,Richardson,TX,9727126791
ID000716,741-86-2253,Paula,Jordan,pjordanjv@va.gov,0 Schurz Lane,Dallas,TX,2149561394
ID000717,694-72-1725,Willie,Hernandez,whernandezjw@sakura.ne.jp,46 Bluejay Crossing,Dallas,TX,4698691585
ID000718,500-83-0564,Chris,Phillips,cphillipsjx@un.org,2563 Macpherson Avenue,Dallas,TX,2147955477
ID000719,849-33-1958,Juan,Hayes,jhayesjy@shinystat.com,5 Melvin Junction,Dallas,TX,4696660063
ID000720,398-41-8926,Helen,Lopez,hlopezjz@blogs.com,2 Maryland Park,Richardson,TX,2149048793
ID000721,642-59-9156,Justin,Porter,jporterk0@biblegateway.com,66 Lerdahl Street,Dallas,TX,4698200587
ID000722,236-99-9327,Johnny,Garcia,jgarciak1@so-net.ne.jp,85 Sloan Street,Dallas,TX,4699621344
ID000723,590-51-2989,Katherine,Taylor,ktaylork2@uiuc.edu,00 Carey Alley,Dallas,TX,4697550265
ID000724,847-74-4073,Jacqueline,Howell,jhowellk3@yale.edu,30 Meadow Valley Trail,Dallas,TX,9728174256
ID000725,743-83-9247,Earl,Richards,erichardsk4@mysql.com,431 Birchwood Court,Dallas,TX,2149594661
ID000726,482-29-7565,Clarence,Woods,cwoodsk5@patch.com,7 Schiller Road,Plano,TX,2149131723
ID000727,209-78-7735,Jessica,Gonzales,jgonzalesk6@baidu.com,645 Rutledge Road,Dallas,TX,9729383645
ID000728,831-59-6111,Matthew,Warren,mwarrenk7@g.co,4561 Texas Lane,Dallas,TX,9729716529
ID000729,280-98-5533,Kathy,Smith,ksmithk8@thetimes.co.uk,8726 Packers Parkway,Dallas,TX,2149534343
ID000730,925-63-9699,Keith,Collins,kcollinsk9@amazonaws.com,99196 Surrey Court,Dallas,TX,2147887439
ID000731,556-38-3135,Joan,Garrett,jgarrettka@ycombinator.com,43 Scoville Pass,Plano,TX,9729547260
ID000732,434-71-8048,Diane,Little,dlittlekb@odnoklassniki.ru,11 Donald Road,Plano,TX,4696889174
ID000733,372-72-3479,Wanda,Mendoza,wmendozakc@marketwatch.com,34327 Sunbrook Hill,Dallas,TX,4695696125
ID000734,657-61-4433,Martin,Nguyen,mnguyenkd@elpais.com,08974 Bowman Way,Dallas,TX,4699967003
ID000735,967-28-8561,Donald,Andrews,dandrewske@yandex.ru,8 Kennedy Terrace,Dallas,TX,9728283356
ID000736,895-97-4019,Ruth,Weaver,rweaverkf@wiley.com,46239 Kipling Terrace,Dallas,TX,2148024320
ID000737,469-60-9195,Patricia,Gilbert,pgilbertkg@nature.com,43 Mariners Cove Center,Dallas,TX,2148147712
ID000738,286-87-5683,Carlos,Ford,cfordkh@dell.com,0 Dovetail Avenue,Dallas,TX,2146588568
ID000739,988-74-6162,Louise,Arnold,larnoldki@ucoz.ru,55 Mandrake Crossing,Dallas,TX,9729034805
ID000740,284-97-8780,Henry,Nichols,hnicholskj@loc.gov,08 Oak Valley Park,Richardson,TX,2149410961
ID000741,186-84-1844,Kathleen,Hayes,khayeskk@amazon.com,72 Mcguire Road,Dallas,TX,4698954109
ID000742,458-94-0428,Bonnie,Mccoy,bmccoykl@blinklist.com,83175 Cottonwood Way,Dallas,TX,2149132990
ID000743,419-29-8694,Jerry,Montgomery,jmontgomerykm@soundcloud.com,10 Northland Plaza,Dallas,TX,2148267806
ID000744,219-67-5666,Jessica,Mccoy,jmccoykn@discuz.net,09315 Trailsway Court,Dallas,TX,2149182939
ID000745,372-21-0737,Jean,Ryan,jryanko@npr.org,801 Hooker Center,Richardson,TX,2149985831
ID000746,338-73-5511,Joyce,Clark,jclarkkp@wp.com,360 Hovde Way,Dallas,TX,4698537767
ID000747,593-87-1261,Marilyn,Cruz,mcruzkq@yandex.ru,4 Esker Plaza,Dallas,TX,4699477763
ID000748,132-70-2552,Christine,Young,cyoungkr@devhub.com,70 Meadow Valley Pass,Richardson,TX,9729897753
ID000749,795-84-3330,Marie,Phillips,mphillipsks@surveymonkey.com,8 Pleasure Drive,Dallas,TX,4696030113
ID000750,645-65-7799,Ann,Bryant,abryantkt@sohu.com,451 Sundown Drive,Dallas,TX,2149401980
ID000751,338-60-5273,Bruce,Bailey,bbaileyku@amazon.de,1228 Warner Hill,Dallas,TX,9727856558
ID000752,171-35-4592,Julie,Fields,jfieldskv@epa.gov,0 Hayes Alley,Dallas,TX,2142265537
ID000753,872-37-7791,Gregory,Schmidt,gschmidtkw@odnoklassniki.ru,998 Merchant Circle,Dallas,TX,9729908419
ID000754,264-34-8300,Marilyn,Ryan,mryankx@abc.net.au,877 Forster Lane,Dallas,TX,4699002911
ID000755,361-84-6572,Julia,Long,jlongky@tuttocitta.it,472 Forest Trail,Dallas,TX,9729348954
ID000756,538-33-3604,Victor,Peterson,vpetersonkz@apple.com,3653 Sage Parkway,Dallas,TX,2149654668
ID000757,294-41-0480,Sara,Ruiz,sruizl0@fastcompany.com,75507 Center Way,Richardson,TX,2149888363
ID000758,286-27-4771,Roy,Barnes,rbarnesl1@google.com.hk,4505 Transport Drive,Dallas,TX,4695302193
ID000759,528-82-3250,Anthony,Carpenter,acarpenterl2@arizona.edu,61 Karstens Plaza,Dallas,TX,2149398741
ID000760,774-66-2989,Jessica,Rodriguez,jrodriguezl3@hc360.com,3969 Springview Court,Dallas,TX,4698468175
ID000761,147-96-7903,Craig,Carter,ccarterl4@blogger.com,3 Hayes Plaza,Dallas,TX,2149746461
ID000762,126-49-2208,Brandon,Ellis,bellisl5@marriott.com,9617 Summit Terrace,Dallas,TX,4697678210
ID000763,509-31-0770,Richard,Torres,rtorresl6@google.com.br,19723 Cherokee Drive,Dallas,TX,9729153282
ID000764,335-36-3231,Janet,Mcdonald,jmcdonaldl7@linkedin.com,63455 Division Park,Plano,TX,4695862793
ID000765,862-42-5821,Raymond,Campbell,rcampbelll8@businesswire.com,495 Mallard Street,Dallas,TX,2148819579
ID000766,430-93-4149,Mark,Fields,mfieldsl9@wordpress.com,03 Menomonie Junction,Dallas,TX,9729194515
ID000767,936-04-6604,William,Cox,wcoxla@storify.com,2 Veith Junction,Dallas,TX,9728979587
ID000768,795-03-9664,Ruby,Hansen,rhansenlb@disqus.com,759 Mandrake Avenue,Dallas,TX,2149121668
ID000769,737-18-1574,Phillip,Richards,prichardslc@ycombinator.com,29931 Northridge Trail,Dallas,TX,9727833567
ID000770,286-37-8304,Richard,Jordan,rjordanld@thetimes.co.uk,76466 Milwaukee Lane,Dallas,TX,4699987983
ID000771,314-52-2705,Marie,Perez,mperezle@mashable.com,38 Summer Ridge Court,Dallas,TX,4696824358
ID000772,574-79-3097,Cheryl,Butler,cbutlerlf@wiley.com,68 Maple Court,Dallas,TX,4694482582
ID000773,835-29-8866,Michelle,Carpenter,mcarpenterlg@reference.com,99896 New Castle Trail,Dallas,TX,4697800762
ID000774,496-59-9897,Adam,Cooper,acooperlh@infoseek.co.jp,74125 Laurel Center,Dallas,TX,2148128288
ID000775,368-19-9311,Nancy,Shaw,nshawli@prnewswire.com,347 Oak Plaza,Dallas,TX,2148495837
ID000776,414-22-2220,Ernest,Gomez,egomezlj@technorati.com,34530 Donald Pass,Dallas,TX,9729663976
ID000777,888-89-3056,Wanda,Wilson,wwilsonlk@globo.com,3 Rockefeller Point,Dallas,TX,2147836562
ID000778,572-70-8409,Melissa,Bailey,mbaileyll@jiathis.com,94627 Hoard Parkway,Dallas,TX,9728708953
ID000779,114-71-5828,Clarence,Gray,cgraylm@hc360.com,797 Merrick Way,Dallas,TX,9729515685
ID000780,104-43-3663,Janice,Hunter,jhunterln@dedecms.com,3 Sheridan Trail,Dallas,TX,9728880899
ID000781,329-05-3664,Raymond,Murray,rmurraylo@wiley.com,3083 Crescent Oaks Road,Dallas,TX,9729008986
ID000782,447-69-9321,Bruce,Hansen,bhansenlp@dedecms.com,88200 Johnson Alley,Dallas,TX,2148929528
ID000783,937-66-7915,Ryan,Mccoy,rmccoylq@ebay.co.uk,27278 American Ash Avenue,Dallas,TX,4697866255
ID000784,764-89-6736,Jerry,Fowler,jfowlerlr@plala.or.jp,0 Lighthouse Bay Circle,Dallas,TX,2146533127
ID000785,134-92-4609,Frank,Harper,fharperls@g.co,8 Fairview Drive,Dallas,TX,9728108573
ID000786,571-08-1675,George,Garza,ggarzalt@smh.com.au,0 Granby Lane,Dallas,TX,4697585662
ID000787,914-59-1431,Sharon,Olson,solsonlu@homestead.com,7705 Ridge Oak Plaza,Richardson,TX,9729824528
ID000788,310-91-2067,Kathryn,Reed,kreedlv@paginegialle.it,086 Bunker Hill Way,Dallas,TX,9729372108
ID000789,925-52-2771,Randy,Weaver,rweaverlw@1und1.de,5 Del Mar Junction,Richardson,TX,2148537737
ID000790,193-13-7825,Linda,Washington,lwashingtonlx@example.com,8122 Sachtjen Circle,Richardson,TX,9729145391
ID000791,799-37-4997,Elizabeth,Anderson,eandersonly@github.io,80 Dunning Circle,Dallas,TX,4698814443
ID000792,981-69-8236,Henry,Kim,hkimlz@shareasale.com,9861 Elmside Crossing,Dallas,TX,2149129599
ID000793,124-22-8351,Earl,Morales,emoralesm0@wiley.com,16 Manley Pass,Dallas,TX,2146510786
ID000794,980-98-1968,Howard,Ford,hfordm1@sfgate.com,31553 5th Place,Richardson,TX,9729407458
ID000795,486-25-9016,Tammy,Fox,tfoxm2@1688.com,29405 Hauk Road,Dallas,TX,2149973240
ID000796,765-53-6457,Sarah,Hicks,shicksm3@goodreads.com,38 Lighthouse Bay Pass,Plano,TX,2149019314
ID000797,750-87-6481,Diana,Montgomery,dmontgomerym4@google.nl,2 Welch Parkway,Dallas,TX,2146036856
ID000798,796-84-4632,Joan,Boyd,jboydm5@example.com,393 School Plaza,Dallas,TX,4698829965
ID000799,944-12-9610,Barbara,Simmons,bsimmonsm6@google.cn,678 Barnett Point,Dallas,TX,4694157518
ID000800,604-14-8118,Keith,Carroll,kcarrollm7@live.com,46912 Veith Place,Dallas,TX,2148212150
ID000801,554-70-7857,Ruby,Bryant,rbryantm8@cpanel.net,0502 Dorton Place,Dallas,TX,2145832918
ID000802,968-07-8691,Andrew,Holmes,aholmesm9@photobucket.com,87963 Darwin Plaza,Dallas,TX,4699935278
ID000803,848-01-1355,Juan,King,jkingma@delicious.com,3344 Schlimgen Point,Dallas,TX,9728233180
ID000804,522-56-7195,Michael,Warren,mwarrenmb@wsj.com,1 Northwestern Road,Dallas,TX,4699120181
ID000805,263-49-6672,Randy,Wagner,rwagnermc@tripadvisor.com,28585 Iowa Pass,Richardson,TX,9729818393
ID000806,916-96-2811,Jose,Kelly,jkellymd@histats.com,088 Cambridge Trail,Plano,TX,9728329963
ID000807,304-18-5907,Peter,Ford,pfordme@scientificamerican.com,3 Boyd Point,Dallas,TX,2149782937
ID000808,381-33-3107,Peter,Edwards,pedwardsmf@theguardian.com,70349 Hallows Way,Richardson,TX,2149916626
ID000809,211-11-0916,Louise,Peters,lpetersmg@boston.com,79475 Morrow Pass,Dallas,TX,9729024551
ID000810,343-23-0976,Stephanie,Perry,sperrymh@webmd.com,08750 Forest Dale Road,Dallas,TX,2148999004
ID000811,792-44-4178,Lawrence,Adams,ladamsmi@fema.gov,38 Forster Terrace,Dallas,TX,2149258866
ID000812,443-86-2495,Gregory,Hansen,ghansenmj@tinyurl.com,419 Longview Trail,Plano,TX,4698998651
ID000813,797-38-1593,Ralph,Medina,rmedinamk@harvard.edu,74 High Crossing Lane,Plano,TX,4699539007
ID000814,223-83-8666,Joan,Cooper,jcooperml@dailymotion.com,52 Fremont Road,Dallas,TX,9728420287
ID000815,732-67-6734,Karen,George,kgeorgemm@google.com.br,560 Menomonie Plaza,Dallas,TX,4695513026
ID000816,639-56-1250,Theresa,Cunningham,tcunninghammn@utexas.edu,8148 Florence Drive,Dallas,TX,4698616774
ID000817,506-61-7033,Dennis,Young,dyoungmo@hexun.com,378 Carberry Place,Dallas,TX,2146022841
ID000818,789-55-8630,Joseph,Castillo,jcastillomp@nps.gov,4 Surrey Park,Dallas,TX,4699160494
ID000819,100-43-9457,Eugene,Fisher,efishermq@github.io,977 Gina Junction,Dallas,TX,9729265775
ID000820,622-93-0486,Elizabeth,Medina,emedinamr@sphinn.com,044 Prentice Center,Plano,TX,9729697931
ID000821,236-05-8310,Joyce,Arnold,jarnoldms@twitter.com,48306 Moulton Plaza,Plano,TX,9729588893
ID000822,294-25-9318,William,Ramos,wramosmt@cafepress.com,20 Red Cloud Trail,Richardson,TX,9729502750
ID000823,317-84-2700,Billy,Reed,breedmu@liveinternet.ru,2 Loftsgordon Alley,Dallas,TX,9728530282
ID000824,802-25-7025,Scott,Carr,scarrmv@house.gov,9 Memorial Place,Dallas,TX,4699795007
ID000825,713-06-2568,Doris,Carpenter,dcarpentermw@163.com,55093 Bunting Pass,Dallas,TX,9724136984
ID000826,863-24-4380,Aaron,Kennedy,akennedymx@indiatimes.com,51078 Fisk Parkway,Dallas,TX,2149005041
ID000827,957-88-2521,Eugene,George,egeorgemy@yolasite.com,32186 Katie Park,Dallas,TX,4696427160
ID000828,971-59-7462,Marilyn,Washington,mwashingtonmz@discuz.net,7639 Northfield Park,Dallas,TX,2145310051
ID000829,778-11-2383,Sara,Patterson,spattersonn0@ezinearticles.com,938 Vermont Crossing,Dallas,TX,9728715585
ID000830,432-34-5988,Samuel,Henry,shenryn1@arizona.edu,031 Hintze Terrace,Dallas,TX,9728253266
ID000831,110-87-5003,Phillip,Kennedy,pkennedyn2@friendfeed.com,41 Leroy Center,Dallas,TX,4699950612
ID000832,862-95-3192,Robin,Welch,rwelchn3@a8.net,4 Texas Trail,Dallas,TX,9727782143
ID000833,639-00-1709,Rose,Garrett,rgarrettn4@google.pl,2384 Carey Road,Plano,TX,2148605621
ID000834,687-26-7934,Rebecca,Meyer,rmeyern5@123-reg.co.uk,38 Nelson Lane,Plano,TX,9729362303
ID000835,648-00-1339,Michelle,Reid,mreidn6@dyndns.org,7 Sunbrook Circle,Dallas,TX,4699412469
ID000836,362-56-0347,Judy,Rice,jricen7@e-recht24.de,49031 Saint Paul Avenue,Dallas,TX,4699351827
ID000837,840-08-8767,Kevin,Carroll,kcarrolln8@pagesperso-orange.fr,36 Jana Lane,Dallas,TX,4699640568
ID000838,268-14-2587,Kathryn,Owens,kowensn9@delicious.com,664 Clemons Hill,Dallas,TX,2148122116
ID000839,211-96-5010,Brian,Elliott,belliottna@va.gov,28 Graedel Hill,Dallas,TX,9728573817
ID000840,704-93-5430,Keith,Alvarez,kalvareznb@google.ca,73423 Mallard Park,Dallas,TX,9729853882
ID000841,493-28-0872,Christopher,Hamilton,chamiltonnc@yandex.ru,42 Johnson Place,Plano,TX,9727565173
ID000842,104-87-2254,Mildred,Washington,mwashingtonnd@virginia.edu,093 Reindahl Alley,Dallas,TX,4698635699
ID000843,634-96-0779,Maria,Patterson,mpattersonne@hibu.com,435 Mockingbird Road,Dallas,TX,2146894556
ID000844,973-88-0017,Tammy,Romero,tromeronf@businesswire.com,77652 Quincy Junction,Dallas,TX,4696535925
ID000845,701-06-3601,Shirley,Ellis,sellisng@arstechnica.com,74 Boyd Circle,Dallas,TX,4699202738
ID000846,948-86-4146,Gerald,Carter,gcarternh@wisc.edu,6829 Aberg Park,Dallas,TX,2149941903
ID000847,405-84-3532,Sandra,Diaz,sdiazni@cornell.edu,73631 Arapahoe Plaza,Dallas,TX,2148323930
ID000848,648-26-1008,Joyce,Miller,jmillernj@scribd.com,2 Annamark Center,Dallas,TX,9729616545
ID000849,401-78-7678,Edward,Freeman,efreemannk@ning.com,415 Di Loreto Plaza,Plano,TX,9729894204
ID000850,138-67-0395,Willie,Griffin,wgriffinnl@dagondesign.com,990 Moland Lane,Dallas,TX,2149288621
ID000851,576-90-5231,Eugene,Gibson,egibsonnm@google.ca,11945 Delaware Trail,Dallas,TX,9729544027
ID000852,511-59-7913,Beverly,Carroll,bcarrollnn@xing.com,7263 Mariners Cove Park,Dallas,TX,2149177386
ID000853,427-26-2369,Kevin,Weaver,kweaverno@bbb.org,9746 Springview Lane,Dallas,TX,4699422408
ID000854,981-70-0822,Diana,Collins,dcollinsnp@ca.gov,00 Stoughton Pass,Dallas,TX,9728045134
ID000855,842-92-6012,Melissa,Cole,mcolenq@nydailynews.com,405 Lukken Park,Dallas,TX,9727868554
ID000856,842-48-2817,Willie,Young,wyoungnr@soup.io,4 Bowman Lane,Dallas,TX,2149284186
ID000857,420-41-5414,Juan,Nichols,jnicholsns@cloudflare.com,8095 Grover Point,Dallas,TX,4698043343
ID000858,571-34-6457,Kevin,Mason,kmasonnt@google.com.hk,132 Huxley Street,Dallas,TX,4699738133
ID000859,977-49-7404,Ronald,Owens,rowensnu@github.com,160 Forster Court,Plano,TX,2149861282
ID000860,625-10-0221,Howard,Mason,hmasonnv@gov.uk,725 Shelley Street,Dallas,TX,9728849005
ID000861,344-02-3503,Scott,Sullivan,ssullivannw@cornell.edu,3 Dottie Way,Dallas,TX,9728819868
ID000862,217-52-9370,Margaret,Payne,mpaynenx@mashable.com,706 Spenser Drive,Plano,TX,9727600404
ID000863,676-28-3465,Ashley,Dixon,adixonny@eventbrite.com,07278 Arizona Road,Dallas,TX,9728189660
ID000864,927-53-6184,Marilyn,Vasquez,mvasqueznz@hexun.com,85753 Sommers Parkway,Plano,TX,2144358942
ID000865,369-13-2148,Amanda,Olson,aolsono0@github.io,2 Thompson Hill,Dallas,TX,9729792331
ID000866,275-69-7155,Heather,Fernandez,hfernandezo1@theguardian.com,18106 Beilfuss Way,Dallas,TX,4698547653
ID000867,993-11-4983,Stephanie,Diaz,sdiazo2@example.com,52331 Monica Drive,Dallas,TX,2149128213
ID000868,867-83-7085,Roy,Kelly,rkellyo3@technorati.com,7053 Old Gate Alley,Dallas,TX,4699748373
ID000869,466-06-1410,Scott,Chavez,schavezo4@php.net,3 Kingsford Avenue,Dallas,TX,4699633427
ID000870,632-92-1297,Donna,Mitchell,dmitchello5@blogtalkradio.com,4741 Kenwood Junction,Dallas,TX,2149513865
ID000871,585-80-2785,Louis,Harris,lharriso6@illinois.edu,2747 Rieder Plaza,Dallas,TX,2148863021
ID000872,512-23-3537,Henry,Hansen,hhanseno7@cbslocal.com,2900 Surrey Street,Dallas,TX,2149642420
ID000873,772-62-3065,Kathryn,Porter,kportero8@soup.io,53 Dapin Parkway,Dallas,TX,9728448439
ID000874,190-88-7543,Anne,Johnson,ajohnsono9@last.fm,20069 Melvin Center,Dallas,TX,2149756054
ID000875,329-18-4164,Todd,Taylor,ttayloroa@ted.com,97238 Onsgard Trail,Dallas,TX,2149373241
ID000876,654-19-5151,Julia,Fernandez,jfernandezob@tamu.edu,34619 Marcy Crossing,Dallas,TX,9729669920
ID000877,591-02-8727,Craig,Robinson,crobinsonoc@oaic.gov.au,30 Sutteridge Point,Dallas,TX,4699190979
ID000878,299-37-0401,Nancy,Shaw,nshawod@mapquest.com,5834 Village Crossing,Dallas,TX,2147882516
ID000879,939-58-3158,Lawrence,Nichols,lnicholsoe@uol.com.br,6423 Roth Park,Dallas,TX,2149252580
ID000880,170-66-3784,Jimmy,Diaz,jdiazof@independent.co.uk,0301 Oriole Lane,Dallas,TX,4694730533
ID000881,740-80-4320,Bobby,Mcdonald,bmcdonaldog@technorati.com,3 Scoville Drive,Dallas,TX,9725277603
ID000882,953-63-4906,Jesse,Cunningham,jcunninghamoh@yolasite.com,790 Marquette Hill,Dallas,TX,2149367626
ID000883,200-60-0963,Gregory,Andrews,gandrewsoi@xinhuanet.com,361 Sachs Crossing,Dallas,TX,2149730715
ID000884,499-38-8289,Tina,Rogers,trogersoj@mysql.com,79 Forest Dale Road,Dallas,TX,4699849258
ID000885,312-18-8191,Henry,Allen,hallenok@bbb.org,9 Pennsylvania Street,Dallas,TX,9729392237
ID000886,215-99-1270,Carolyn,Gordon,cgordonol@icq.com,6 Fuller Avenue,Richardson,TX,4698295466
ID000887,154-27-1288,Louise,Hudson,lhudsonom@pinterest.com,04798 Loeprich Alley,Dallas,TX,9729558037
ID000888,772-41-5591,John,Vasquez,jvasquezon@mlb.com,52 Darwin Park,Dallas,TX,4699781123
ID000889,888-06-1132,Kathryn,Graham,kgrahamoo@dailymotion.com,45 Everett Pass,Dallas,TX,4699213046
ID000890,992-83-5801,Patricia,Perkins,pperkinsop@deliciousdays.com,0 Heffernan Drive,Dallas,TX,9729718654
ID000891,252-88-4550,Henry,Arnold,harnoldoq@prlog.org,47 Becker Lane,Plano,TX,9724702949
ID000892,534-51-9042,Ruby,Bishop,rbishopor@biblegateway.com,5 International Point,Dallas,TX,9729444239
ID000893,292-84-4463,Phyllis,Dunn,pdunnos@home.pl,8316 Calypso Court,Dallas,TX,2148350529
ID000894,144-30-3599,Louise,Wood,lwoodot@ask.com,000 Mccormick Plaza,Dallas,TX,9729145297
ID000895,895-44-1229,Tammy,Shaw,tshawou@pagesperso-orange.fr,0 Carey Parkway,Richardson,TX,2149052378
ID000896,955-03-9519,Eric,Rivera,eriveraov@arstechnica.com,466 Tony Circle,Dallas,TX,9729329658
ID000897,743-94-0520,Joe,Williams,jwilliamsow@skyrock.com,748 Schlimgen Avenue,Dallas,TX,9728528033
ID000898,140-10-0901,Aaron,Snyder,asnyderox@toplist.cz,1 American Ash Avenue,Dallas,TX,2149369743
ID000899,210-06-2715,Louis,Clark,lclarkoy@blinklist.com,4284 Norway Maple Lane,Dallas,TX,9728727570
ID000900,357-34-7649,Sarah,Chavez,schavezoz@howstuffworks.com,3 Schmedeman Court,Dallas,TX,9725241820
ID000901,427-38-8763,Robin,Ellis,rellisp0@posterous.com,67445 Dunning Lane,Richardson,TX,9728661973
ID000902,315-41-8687,Jessica,Davis,jdavisp1@t-online.de,12957 Independence Drive,Plano,TX,9728425888
ID000903,829-97-1624,Lillian,Stone,lstonep2@goo.ne.jp,919 Judy Way,Dallas,TX,9728512126
ID000904,347-88-9624,Ruth,Stanley,rstanleyp3@trellian.com,1 Warrior Pass,Dallas,TX,9729110228
ID000905,840-39-1806,Jesse,Duncan,jduncanp4@foxnews.com,7787 Haas Hill,Dallas,TX,9726839815
ID000906,637-53-4929,Lori,Hunter,lhunterp5@about.com,39 Swallow Place,Richardson,TX,4696424787
ID000907,136-04-3559,Tammy,Robinson,trobinsonp6@economist.com,0378 Longview Plaza,Dallas,TX,4699332520
ID000908,713-24-6764,James,Dunn,jdunnp7@meetup.com,2 Luster Hill,Dallas,TX,2148499192
ID000909,414-66-2512,Earl,White,ewhitep8@slashdot.org,3645 Ramsey Place,Dallas,TX,9729368134
ID000910,613-21-6220,Jeremy,Rogers,jrogersp9@squarespace.com,91121 Moulton Plaza,Plano,TX,4698428404
ID000911,733-94-6852,Earl,Chapman,echapmanpa@telegraph.co.uk,45 Moulton Junction,Dallas,TX,9729977819
ID000912,606-73-0914,Dorothy,Miller,dmillerpb@wp.com,52 Hazelcrest Crossing,Dallas,TX,2148033680
ID000913,154-97-3290,Anna,Lopez,alopezpc@google.pl,49 3rd Terrace,Dallas,TX,2149594100
ID000914,369-65-4229,Gary,Fuller,gfullerpd@shop-pro.jp,59 Macpherson Crossing,Dallas,TX,2149689302
ID000915,507-57-2316,Angela,Nguyen,anguyenpe@163.com,45542 Rutledge Avenue,Dallas,TX,2149780162
ID000916,325-17-0156,Paula,Frazier,pfrazierpf@jigsy.com,916 Maywood Court,Plano,TX,2149341206
ID000917,866-10-0944,Daniel,Johnson,djohnsonpg@is.gd,76702 Caliangt Circle,Dallas,TX,4698288109
ID000918,650-99-3347,Raymond,Burke,rburkeph@arstechnica.com,3001 Corscot Drive,Dallas,TX,4697490551
ID000919,417-25-3686,Anna,Flores,aflorespi@mozilla.com,730 Vera Avenue,Dallas,TX,2148209633
ID000920,128-67-5708,Kathleen,Reed,kreedpj@craigslist.org,89 Tomscot Street,Dallas,TX,2149410107
ID000921,412-58-0911,Linda,Garcia,lgarciapk@imageshack.us,1 Luster Street,Dallas,TX,9729101369
ID000922,312-56-2889,Kevin,Turner,kturnerpl@washington.edu,3034 Kipling Drive,Dallas,TX,2148358339
ID000923,122-17-0911,Juan,Dunn,jdunnpm@wikia.com,18 Oak Drive,Dallas,TX,2148570040
ID000924,548-70-2653,Arthur,Lane,alanepn@cargocollective.com,79797 Fieldstone Circle,Richardson,TX,2148480150
ID000925,922-65-9466,Deborah,Medina,dmedinapo@sfgate.com,4 Cambridge Park,Dallas,TX,9726795235
ID000926,380-74-6132,Lisa,Castillo,lcastillopp@businessweek.com,856 Mitchell Junction,Dallas,TX,4699966025
ID000927,148-76-3309,Louis,Rivera,lriverapq@discovery.com,210 Sunfield Trail,Dallas,TX,4699400843
ID000928,648-41-9002,Catherine,Hunt,chuntpr@mashable.com,241 Gulseth Crossing,Dallas,TX,4699296433
ID000929,253-50-1861,Bobby,Gomez,bgomezps@parallels.com,53 Kipling Place,Richardson,TX,4697478105
ID000930,237-32-1975,Johnny,Jenkins,jjenkinspt@homestead.com,6757 Buena Vista Park,Dallas,TX,2147110231
ID000931,304-04-2180,Richard,Sanchez,rsanchezpu@bandcamp.com,6 Bonner Road,Dallas,TX,2147898437
ID000932,416-32-8500,Fred,Peterson,fpetersonpv@surveymonkey.com,723 Emmet Avenue,Dallas,TX,2149290915
ID000933,731-41-2008,Gerald,Jacobs,gjacobspw@statcounter.com,539 Pond Point,Richardson,TX,9729295037
ID000934,680-37-1075,Teresa,Perry,tperrypx@google.nl,67 Porter Center,Dallas,TX,4699377720
ID000935,358-57-1779,Joyce,Watson,jwatsonpy@businessinsider.com,033 Fieldstone Pass,Dallas,TX,4699761235
ID000936,399-11-8418,Antonio,Crawford,acrawfordpz@taobao.com,94232 Hudson Drive,Dallas,TX,4698180847
ID000937,263-34-5944,Shawn,Hanson,shansonq0@people.com.cn,88 Prairieview Terrace,Dallas,TX,4697123956
ID000938,871-14-1691,Sandra,Hayes,shayesq1@msu.edu,8 Morning Parkway,Dallas,TX,9729011242
ID000939,651-25-8004,Jimmy,Garrett,jgarrettq2@etsy.com,43 Clyde Gallagher Terrace,Dallas,TX,9729844957
ID000940,484-44-5282,Antonio,Lawrence,alawrenceq3@tripod.com,08482 Merry Alley,Dallas,TX,9728433635
ID000941,983-14-0730,Marie,Medina,mmedinaq4@biglobe.ne.jp,7338 Pierstorff Circle,Richardson,TX,4698107312
ID000942,716-92-1888,Juan,Allen,jallenq5@themeforest.net,5 Victoria Alley,Dallas,TX,4699792886
ID000943,309-24-3620,Gerald,Porter,gporterq6@mozilla.com,11934 Upham Point,Dallas,TX,2147068751
ID000944,776-60-4123,Todd,Brooks,tbrooksq7@tuttocitta.it,7838 Moland Plaza,Dallas,TX,4697810440
ID000945,679-76-7522,Jean,Rice,jriceq8@chron.com,48712 Mockingbird Road,Dallas,TX,4699355450
ID000946,729-59-6353,Jack,Day,jdayq9@jugem.jp,2107 Kipling Plaza,Dallas,TX,2149136444
ID000947,628-48-3788,Amy,Woods,awoodsqa@hatena.ne.jp,5 Shoshone Crossing,Dallas,TX,4697734866
ID000948,785-13-2932,Raymond,Greene,rgreeneqb@ihg.com,55619 Surrey Plaza,Dallas,TX,4699837473
ID000949,101-97-8660,Arthur,Wright,awrightqc@spiegel.de,158 John Wall Street,Dallas,TX,2149415089
ID000950,946-46-6223,Daniel,Hunt,dhuntqd@bizjournals.com,13709 Mariners Cove Center,Richardson,TX,9729152723
ID000951,481-28-6748,Julie,Hamilton,jhamiltonqe@time.com,6209 Ludington Pass,Dallas,TX,9728127230
ID000952,864-59-5290,Diana,Garza,dgarzaqf@free.fr,83139 Warrior Parkway,Dallas,TX,9728724808
ID000953,370-11-1197,Walter,Cruz,wcruzqg@vkontakte.ru,463 Hanover Junction,Dallas,TX,9728369111
ID000954,850-05-9666,Mildred,Ramirez,mramirezqh@dropbox.com,7 Anderson Lane,Dallas,TX,9728269318
ID000955,475-45-2130,Jean,Gilbert,jgilbertqi@webeden.co.uk,769 Colorado Center,Dallas,TX,4698506077
ID000956,704-23-0250,Frances,Porter,fporterqj@dion.ne.jp,16 Farwell Park,Dallas,TX,2149586327
ID000957,847-54-7019,Jane,Carter,jcarterqk@so-net.ne.jp,746 East Court,Dallas,TX,4698592686
ID000958,316-40-2743,Johnny,Perry,jperryql@twitpic.com,5091 Melrose Court,Dallas,TX,4697832541
ID000959,973-44-7229,Donald,Powell,dpowellqm@marriott.com,1901 Laurel Pass,Dallas,TX,9729175123
ID000960,597-54-1860,Russell,Morales,rmoralesqn@addtoany.com,6 Continental Hill,Dallas,TX,4698331681
ID000961,853-02-8515,Earl,Smith,esmithqo@hostgator.com,73 Towne Hill,Dallas,TX,4699195433
ID000962,961-10-2631,Jane,Phillips,jphillipsqp@xrea.com,9 Northland Place,Dallas,TX,4699815694
ID000963,340-38-2920,Ruby,Black,rblackqq@fotki.com,01580 Main Alley,Dallas,TX,2148396582
ID000964,650-36-9913,Teresa,Fernandez,tfernandezqr@google.com.au,50 Arrowood Circle,Richardson,TX,9729187531
ID000965,940-61-5781,Jacqueline,Hamilton,jhamiltonqs@washingtonpost.com,792 Burrows Lane,Dallas,TX,9727855033
ID000966,136-33-6897,Anthony,Elliott,aelliottqt@uiuc.edu,82 Harper Lane,Dallas,TX,9729426006
ID000967,780-32-3564,Louise,Henderson,lhendersonqu@mashable.com,58 Southridge Way,Dallas,TX,4698976813
ID000968,174-47-0894,Lillian,Cruz,lcruzqv@wordpress.org,1202 Nevada Crossing,Dallas,TX,4695770003
ID000969,235-78-1401,David,Davis,ddavisqw@angelfire.com,6266 Debs Place,Dallas,TX,2148647187
ID000970,919-55-8047,Janice,Price,jpriceqx@sina.com.cn,269 Farragut Trail,Dallas,TX,2149419869
ID000971,687-90-1452,Donald,Palmer,dpalmerqy@naver.com,12 5th Junction,Richardson,TX,4696774531
ID000972,535-61-9932,Donald,Washington,dwashingtonqz@amazon.co.uk,978 Moose Plaza,Dallas,TX,9728447608
ID000973,328-03-3548,Jessica,Jones,jjonesr0@wix.com,37 Melrose Court,Richardson,TX,9729060660
ID000974,608-66-0102,Amy,Coleman,acolemanr1@microsoft.com,2562 Pond Junction,Dallas,TX,2149547729
ID000975,894-17-1936,Marie,Ryan,mryanr2@comcast.net,4287 Canary Center,Dallas,TX,4699244203
ID000976,882-93-4808,Gloria,Barnes,gbarnesr3@ask.com,149 Columbus Avenue,Dallas,TX,2147970275
ID000977,328-50-2075,Charles,Lawrence,clawrencer4@topsy.com,7 Randy Terrace,Dallas,TX,9728138851
ID000978,179-35-6366,Patricia,Hill,phillr5@friendfeed.com,2506 Ridgeway Drive,Richardson,TX,4699329594
ID000979,223-32-8250,Ryan,Young,ryoungr6@jalbum.net,40252 Lyons Terrace,Dallas,TX,2147424030
ID000980,504-76-4400,Willie,Woods,wwoodsr7@barnesandnoble.com,99 Sunbrook Circle,Dallas,TX,2148102688
ID000981,131-82-6807,Cynthia,Webb,cwebbr8@earthlink.net,6016 Leroy Way,Dallas,TX,2149752196
ID000982,470-80-0995,Joyce,Cox,jcoxr9@yellowpages.com,5027 Meadow Vale Way,Richardson,TX,9728324867
ID000983,210-87-6619,Debra,Kim,dkimra@theatlantic.com,303 Bashford Road,Plano,TX,4697474090
ID000984,757-76-0049,Louise,Harrison,lharrisonrb@is.gd,13 American Ash Place,Richardson,TX,2148978864
ID000985,641-17-6232,Douglas,Day,ddayrc@tiny.cc,264 Packers Place,Dallas,TX,4698682443
ID000986,690-30-6386,Jane,Hughes,jhughesrd@dedecms.com,05 Tony Junction,Dallas,TX,9729639605
ID000987,405-00-7979,Joan,Wagner,jwagnerre@indiegogo.com,76837 Heath Trail,Dallas,TX,9728413593
ID000988,697-50-5730,Joyce,Gibson,jgibsonrf@trellian.com,0605 Old Shore Avenue,Dallas,TX,4698404916
ID000989,659-02-3329,Paula,Harrison,pharrisonrg@ox.ac.uk,7 Swallow Pass,Dallas,TX,4696225174
ID000990,647-36-9732,Bobby,Dunn,bdunnrh@intel.com,785 Graedel Place,Plano,TX,9729233432
ID000991,659-27-5045,Bonnie,Ross,brossri@tiny.cc,81741 Hallows Plaza,Dallas,TX,2149304665
ID000992,923-61-2260,Dennis,Wheeler,dwheelerrj@gov.uk,8321 Mendota Crossing,Dallas,TX,2149327040
ID000993,646-30-1413,Jason,Gutierrez,jgutierrezrk@ameblo.jp,7 Pearson Way,Dallas,TX,9729908290
ID000994,968-11-7539,Diana,Spencer,dspencerrl@gravatar.com,467 Menomonie Alley,Richardson,TX,9728509653
ID000995,784-77-6035,Jessica,Thompson,jthompsonrm@abc.net.au,73 Mandrake Center,Dallas,TX,9727283395
ID000996,468-32-4617,Sean,Pierce,spiercern@engadget.com,07 Laurel Park,Dallas,TX,4699873050
ID000997,647-49-5762,Alan,Stewart,astewartro@indiegogo.com,74154 Drewry Street,Dallas,TX,4699445061
ID000998,345-58-9435,Janice,Robinson,jrobinsonrp@springer.com,7791 Maple Hill,Dallas,TX,9728556553
ID000999,504-57-5850,Barbara,Carroll,bcarrollrq@vinaora.com,5989 4th Avenue,Dallas,TX,2149992405
ID001000,362-54-6087,Lori,Mccoy,lmccoyrr@mapquest.com,71 Evergreen Crossing,Dallas,TX,9729757324
